Rk,Player,Season,Age,Tm,Lg,G,GS,MP,FG,FGA,2P,2PA,3P,3PA,FT,FTA,ORB,DRB,TRB,AST,STL,BLK,TOV,PF,PTS,FG%,2P%,3P%,eFG%,FT%,TS%,MP
1,Stephen Curry,2015-16,27,GSW,NBA,72,72,34.0,10.1,20.1,5.1,9.0,5.0,11.1,4.7,5.2,0.9,4.5,5.4,6.5,2.2,0.2,3.3,2.0,30.0,.505,.568,.454,.630,.901,.670,2451
2,Kevin Durant,2013-14,25,OKC,NBA,81,81,38.5,10.5,20.8,8.1,14.8,2.4,6.1,8.7,9.9,0.7,6.7,7.4,5.5,1.3,0.7,3.5,2.1,32.0,.503,.549,.391,.560,.873,.635,3122
3,Adrian Dantley*,1980-81,24,UTA,NBA,80,,42.7,11.4,20.3,11.3,20.3,0.0,0.1,7.9,9.8,2.4,4.0,6.4,4.0,1.4,0.2,3.5,3.1,30.7,.559,.560,.286,.559,.806,.622,3417
4,Kiki Vandeweghe,1983-84,25,DEN,NBA,78,71,35.1,11.5,20.6,11.3,20.2,0.1,0.4,6.3,7.4,1.1,3.7,4.8,3.1,0.7,0.6,2.0,2.4,29.4,.558,.562,.367,.562,.852,.618,2734
5,Michael Jordan*,1988-89,25,CHI,NBA,81,81,40.2,11.9,22.2,11.6,21.0,0.3,1.2,8.3,9.8,1.8,6.2,8.0,8.0,2.9,0.8,3.6,3.0,32.5,.538,.553,.276,.546,.850,.614,3255
6,Larry Bird*,1986-87,30,BOS,NBA,74,73,40.6,10.6,20.2,9.4,17.2,1.2,3.0,5.6,6.1,1.7,7.5,9.2,7.6,1.8,0.9,3.2,2.5,28.1,.525,.547,.400,.555,.910,.612,3005
7,Larry Bird*,1987-88,31,BOS,NBA,76,75,39.0,11.6,22.0,10.3,18.9,1.3,3.1,5.5,6.0,1.4,7.8,9.3,6.1,1.6,0.8,2.8,2.1,29.9,.527,.546,.414,.556,.916,.608,2965
8,Kevin Durant,2009-10,21,OKC,NBA,82,82,39.5,9.7,20.3,8.1,16.1,1.6,4.3,9.2,10.2,1.3,6.3,7.6,2.8,1.4,1.0,3.3,2.1,30.1,.476,.506,.365,.514,.900,.607,3239
9,Michael Jordan*,1989-90,26,CHI,NBA,82,82,39.0,12.6,24.0,11.5,21.0,1.1,3.0,7.2,8.5,1.7,5.1,6.9,6.3,2.8,0.7,3.0,2.9,33.6,.526,.548,.376,.550,.848,.606,3197
10,Kareem Abdul-Jabbar*,1970-71,23,MIL,NBA,82,,40.1,13.0,22.5,13.0,22.5,,,5.7,8.3,,,16.0,3.3,,,,3.2,31.7,.577,.577,,.577,.690,.606,3288
11,Michael Jordan*,1990-91,27,CHI,NBA,82,82,37.0,12.1,22.4,11.7,21.3,0.4,1.1,7.0,8.2,1.4,4.6,6.0,5.5,2.7,1.0,2.5,2.8,31.5,.539,.551,.312,.547,.851,.605,3034
12,LeBron James,2009-10,25,CLE,NBA,76,76,39.0,10.1,20.1,8.4,15.0,1.7,5.1,7.8,10.2,0.9,6.4,7.3,8.6,1.6,1.0,3.4,1.6,29.7,.503,.560,.333,.545,.767,.604,2966
13,Michael Jordan*,1987-88,24,CHI,NBA,82,82,40.4,13.0,24.4,13.0,23.7,0.1,0.6,8.8,10.5,1.7,3.8,5.5,5.9,3.2,1.6,3.1,3.3,35.0,.535,.546,.132,.537,.841,.603,3311
14,Kareem Abdul-Jabbar*,1971-72,24,MIL,NBA,81,,44.2,14.3,24.9,14.3,24.9,,,6.2,9.0,,,16.6,4.6,,,,2.9,34.8,.574,.574,,.574,.689,.603,3583
15,Patrick Ewing*,1989-90,27,NYK,NBA,82,82,38.6,11.2,20.4,11.2,20.4,0.0,0.0,6.1,7.9,2.9,8.0,10.9,2.2,1.0,4.0,3.4,4.0,28.6,.551,.552,.250,.551,.775,.599,3165
16,Bob McAdoo*,1973-74,22,BUF,NBA,74,,43.0,12.2,22.3,12.2,22.3,,,6.2,7.8,3.8,11.3,15.1,2.3,1.2,3.3,,3.4,30.6,.547,.547,,.547,.793,.594,3185
17,George Gervin*,1978-79,26,SAS,NBA,80,,36.1,11.8,21.9,11.8,21.9,,,5.9,7.1,1.8,3.2,5.0,2.7,1.7,1.1,3.6,3.4,29.6,.541,.541,,.541,.826,.591,2888
18,Dale Ellis,1988-89,28,SEA,NBA,82,82,38.9,10.5,20.9,8.5,16.7,2.0,4.1,4.6,5.6,1.9,2.3,4.2,2.0,1.3,0.3,2.7,2.4,27.5,.501,.507,.478,.549,.816,.589,3190
19,Oscar Robertson*,1967-68,29,CIN,NBA,65,,42.5,10.2,20.3,10.2,20.3,,,8.9,10.2,,,6.0,9.7,,,,3.1,29.2,.500,.500,,.500,.873,.588,2765
20,Shaquille O'Neal,1994-95,22,ORL,NBA,79,79,37.0,11.8,20.2,11.8,20.1,0.0,0.1,5.8,10.8,4.2,7.3,11.4,2.7,0.9,2.4,2.6,3.3,29.3,.583,.585,.000,.583,.533,.588,2923
21,George Gervin*,1979-80,27,SAS,NBA,78,,37.6,13.1,24.9,12.7,23.6,0.4,1.3,6.5,7.6,2.0,3.2,5.2,2.6,1.4,1.0,3.3,2.7,33.1,.528,.540,.314,.536,.852,.587,2934
22,Larry Bird*,1984-85,28,BOS,NBA,80,77,39.5,11.5,22.0,10.8,20.4,0.7,1.6,5.0,5.7,2.1,8.5,10.5,6.6,1.6,1.2,3.1,2.6,28.7,.522,.529,.427,.538,.882,.585,3161
23,Bernard King*,1984-85,28,NYK,NBA,55,55,37.5,12.6,23.7,12.5,23.5,0.0,0.2,7.7,10.0,2.1,3.7,5.8,3.7,1.3,0.3,3.7,3.5,32.9,.530,.534,.100,.531,.772,.585,2063
24,Oscar Robertson*,1966-67,28,CIN,NBA,79,,43.9,10.6,21.5,10.6,21.5,,,9.3,10.7,,,6.2,10.7,,,,2.9,30.5,.493,.493,,.493,.873,.583,3468
25,Michael Jordan*,1995-96,32,CHI,NBA,82,82,37.7,11.2,22.6,9.8,19.4,1.4,3.2,6.7,8.0,1.8,4.8,6.6,4.3,2.2,0.5,2.4,2.4,30.4,.495,.506,.427,.525,.834,.582,3090
26,Gilbert Arenas,2005-06,24,WAS,NBA,80,80,42.3,9.3,20.9,6.8,14.1,2.5,6.8,8.2,10.0,0.7,2.8,3.5,6.1,2.0,0.3,3.7,3.6,29.3,.447,.485,.369,.507,.820,.581,3384
27,Kareem Abdul-Jabbar*,1972-73,25,MIL,NBA,76,,42.8,12.9,23.3,12.9,23.3,,,4.3,6.1,,,16.1,5.0,,,,2.7,30.2,.554,.554,,.554,.713,.580,3254
28,Kobe Bryant,2006-07,28,LAL,NBA,77,77,40.8,10.6,22.8,8.8,17.6,1.8,5.2,8.7,10.0,1.0,4.7,5.7,5.4,1.4,0.5,3.3,2.7,31.6,.463,.497,.344,.502,.868,.580,3140
29,Michael Jordan*,1991-92,28,CHI,NBA,80,80,38.8,11.8,22.7,11.5,21.5,0.3,1.3,6.1,7.4,1.1,5.3,6.4,6.1,2.3,0.9,2.5,2.5,30.1,.519,.533,.270,.526,.832,.579,3102
30,Chris Mullin*,1992-93,29,GSW,NBA,46,46,41.3,10.3,20.2,9.0,17.3,1.3,2.9,4.0,4.9,0.9,4.1,5.0,3.6,1.5,0.9,3.0,1.7,25.9,.510,.519,.451,.542,.810,.578,1902
31,Shaquille O'Neal,1999-00,27,LAL,NBA,79,79,40.0,12.1,21.1,12.1,21.1,0.0,0.0,5.5,10.4,4.3,9.4,13.6,3.8,0.5,3.0,2.8,3.2,29.7,.574,.575,.000,.574,.524,.578,3163
32,David Robinson*,1993-94,28,SAS,NBA,80,80,40.5,10.5,20.7,10.4,20.4,0.1,0.4,8.7,11.6,3.0,7.7,10.7,4.8,1.7,3.3,3.2,2.9,29.8,.507,.510,.345,.510,.749,.577,3241
33,Moses Malone*,1981-82,26,HOU,NBA,81,81,42.0,11.7,22.5,11.7,22.4,0.0,0.1,7.8,10.2,6.9,7.8,14.7,1.8,0.9,1.5,3.6,2.6,31.1,.519,.520,.000,.519,.762,.576,3398
34,Kobe Bryant,2007-08,29,LAL,NBA,82,82,38.9,9.5,20.6,7.6,15.5,1.8,5.1,7.6,9.0,1.1,5.2,6.3,5.4,1.8,0.5,3.1,2.8,28.3,.459,.490,.361,.503,.840,.576,3192
35,Oscar Robertson*,1963-64,25,CIN,NBA,79,,45.1,10.6,22.0,10.6,22.0,,,10.1,11.9,,,9.9,11.0,,,,3.5,31.4,.483,.483,,.483,.853,.576,3559
36,Dwyane Wade,2008-09,27,MIA,NBA,79,79,38.6,10.8,22.0,9.7,18.5,1.1,3.5,7.5,9.8,1.1,3.9,5.0,7.5,2.2,1.3,3.4,2.3,30.2,.491,.524,.317,.516,.765,.574,3048
37,Jerry West*,1965-66,27,LAL,NBA,79,,40.7,10.4,21.9,10.4,21.9,,,10.6,12.4,,,7.1,6.1,,,,3.1,31.3,.473,.473,,.473,.860,.573,3218
38,Dale Ellis,1987-88,27,SEA,NBA,75,73,37.2,10.2,20.3,8.8,16.8,1.4,3.5,4.0,5.3,2.2,2.3,4.5,2.6,1.0,0.1,2.3,2.9,25.8,.503,.521,.413,.538,.767,.572,2790
39,Jerry West*,1964-65,26,LAL,NBA,74,,41.4,11.1,22.4,11.1,22.4,,,8.8,10.7,,,6.0,4.9,,,,3.0,31.0,.497,.497,,.497,.821,.572,3066
40,Jerry West*,1969-70,31,LAL,NBA,74,,42.0,11.2,22.6,11.2,22.6,,,8.7,10.6,,,4.6,7.5,,,,2.2,31.2,.497,.497,,.497,.824,.572,3106
41,Mark Aguirre,1983-84,24,DAL,NBA,79,79,36.7,11.7,22.3,11.5,21.6,0.2,0.7,5.9,7.9,2.0,3.9,5.9,4.5,1.0,0.3,3.6,3.1,29.5,.524,.532,.268,.528,.749,.572,2900
42,Kobe Bryant,2012-13,34,LAL,NBA,78,78,38.6,9.5,20.4,7.8,15.2,1.7,5.2,6.7,8.0,0.8,4.7,5.6,6.0,1.4,0.3,3.7,2.2,27.3,.463,.510,.324,.504,.839,.570,3013
43,Dominique Wilkins*,1992-93,33,ATL,NBA,71,70,37.3,10.4,22.3,8.7,17.9,1.7,4.5,7.3,8.8,2.6,4.2,6.8,3.2,1.0,0.4,2.6,1.6,29.9,.468,.490,.380,.506,.828,.570,2647
44,Alex English*,1983-84,30,DEN,NBA,82,77,35.0,11.1,20.9,11.0,20.8,0.0,0.1,4.3,5.2,2.6,3.0,5.7,5.0,1.0,1.2,2.7,3.1,26.4,.529,.531,.143,.529,.824,.570,2870
45,Bob McAdoo*,1974-75,23,BUF,NBA,82,,43.2,13.4,26.1,13.4,26.1,,,7.8,9.7,3.7,10.3,14.1,2.2,1.1,2.1,,3.4,34.5,.512,.512,,.512,.805,.569,3539
46,LeBron James,2005-06,21,CLE,NBA,79,79,42.5,11.1,23.1,9.5,18.3,1.6,4.8,7.6,10.3,0.9,6.1,7.0,6.6,1.6,0.8,3.3,2.3,31.4,.480,.518,.335,.515,.738,.568,3361
47,Julius Erving*,1979-80,29,PHI,NBA,78,,36.1,10.7,20.7,10.7,20.4,0.1,0.3,5.4,6.8,2.8,4.6,7.4,4.6,2.2,1.8,3.6,2.7,26.9,.519,.523,.200,.520,.787,.568,2812
48,LeBron James,2007-08,23,CLE,NBA,75,74,40.4,10.6,21.9,9.1,17.1,1.5,4.8,7.3,10.3,1.8,6.1,7.9,7.2,1.8,1.1,3.4,2.2,30.0,.484,.531,.315,.518,.712,.568,3027
49,Karl Malone*,1987-88,24,UTA,NBA,82,82,39.0,10.5,20.1,10.5,20.1,0.0,0.1,6.7,9.6,3.4,8.6,12.0,2.4,1.4,0.6,4.0,3.6,27.7,.520,.522,.000,.520,.700,.568,3198
50,Michael Jordan*,1996-97,33,CHI,NBA,82,82,37.9,11.2,23.1,9.9,19.5,1.4,3.6,5.9,7.0,1.4,4.5,5.9,4.3,1.7,0.5,2.0,1.9,29.6,.486,.507,.374,.516,.833,.567,3106
51,Kareem Abdul-Jabbar*,1975-76,28,LAL,NBA,82,,41.2,11.1,21.1,11.1,21.1,,,5.5,7.8,3.3,13.5,16.9,5.0,1.5,4.1,,3.6,27.7,.529,.529,,.529,.703,.567,3379
52,Hakeem Olajuwon*,1993-94,31,HOU,NBA,80,80,41.0,11.2,21.2,11.1,20.9,0.1,0.2,4.9,6.8,2.9,9.1,11.9,3.6,1.6,3.7,3.4,3.6,27.3,.528,.529,.421,.530,.716,.565,3277
53,Gilbert Arenas,2006-07,25,WAS,NBA,74,73,39.8,8.7,20.9,6.0,13.0,2.8,7.9,8.2,9.7,0.8,3.7,4.6,6.0,1.9,0.2,3.2,3.4,28.4,.418,.459,.351,.484,.844,.565,2942
54,Tracy McGrady,2002-03,23,ORL,NBA,75,74,39.4,11.1,24.2,8.7,18.2,2.3,6.0,7.7,9.7,1.6,4.9,6.5,5.5,1.7,0.8,2.6,2.1,32.1,.457,.481,.386,.505,.793,.564,2954
55,Ray Allen,2006-07,31,SEA,NBA,55,55,40.3,9.2,21.0,6.2,12.9,3.0,8.1,5.1,5.6,1.0,3.5,4.5,4.1,1.5,0.2,2.8,2.1,26.4,.438,.479,.372,.510,.903,.564,2219
56,Clyde Drexler*,1987-88,25,POR,NBA,81,80,37.8,10.5,20.7,10.3,20.1,0.1,0.6,5.9,7.2,3.2,3.4,6.6,5.8,2.5,0.6,2.9,3.1,27.0,.506,.515,.212,.509,.811,.564,3060
57,Michael Jordan*,1992-93,29,CHI,NBA,78,78,39.3,12.7,25.7,11.7,22.7,1.0,2.9,6.1,7.3,1.7,5.0,6.7,5.5,2.8,0.8,2.7,2.4,32.6,.495,.514,.352,.515,.837,.564,3067
58,Kareem Abdul-Jabbar*,1973-74,26,MIL,NBA,81,,43.8,11.7,21.7,11.7,21.7,,,3.6,5.2,3.5,11.0,14.5,4.8,1.4,3.5,,2.9,27.0,.539,.539,,.539,.702,.564,3548
59,Oscar Robertson*,1965-66,27,CIN,NBA,76,,46.0,10.8,22.7,10.8,22.7,,,9.8,11.6,,,7.7,11.1,,,,3.0,31.3,.475,.475,,.475,.842,.563,3493
60,Kobe Bryant,2004-05,26,LAL,NBA,66,66,40.7,8.7,20.1,6.7,14.2,2.0,5.9,8.2,10.1,1.4,4.5,5.9,6.0,1.3,0.8,4.1,2.6,27.6,.433,.472,.339,.482,.816,.563,2689
61,Hakeem Olajuwon*,1994-95,32,HOU,NBA,72,72,39.6,11.1,21.5,11.0,21.2,0.0,0.2,5.6,7.5,2.4,8.4,10.8,3.5,1.8,3.4,3.3,3.5,27.8,.517,.520,.188,.517,.756,.563,2853
62,George Gervin*,1981-82,29,SAS,NBA,79,79,35.7,12.6,25.2,12.4,24.7,0.1,0.5,7.0,8.1,1.7,3.2,5.0,2.4,1.0,0.6,2.7,2.7,32.3,.500,.504,.278,.502,.864,.562,2817
63,Michael Jordan*,1986-87,23,CHI,NBA,82,82,40.0,13.4,27.8,13.2,27.0,0.1,0.8,10.2,11.9,2.0,3.2,5.2,4.6,2.9,1.5,3.3,2.9,37.1,.482,.491,.182,.484,.857,.562,3281
64,Alex English*,1985-86,32,DEN,NBA,81,81,37.3,11.7,23.3,11.7,23.2,0.0,0.1,6.3,7.3,2.4,2.6,5.0,4.0,0.9,0.4,3.1,2.9,29.8,.504,.505,.200,.504,.862,.562,3024
65,Jerry West*,1963-64,25,LAL,NBA,72,,40.4,10.3,21.2,10.3,21.2,,,8.1,9.8,,,6.0,5.6,,,,2.8,28.7,.484,.484,,.484,.832,.562,2906
66,Carmelo Anthony,2013-14,29,NYK,NBA,77,77,38.7,9.6,21.3,7.5,15.9,2.2,5.4,6.0,7.0,1.9,6.2,8.1,3.1,1.2,0.7,2.6,2.9,27.4,.452,.469,.402,.503,.848,.561,2982
67,Kobe Bryant,2008-09,30,LAL,NBA,82,82,36.1,9.8,20.9,8.3,16.8,1.4,4.1,5.9,6.9,1.1,4.1,5.2,4.9,1.5,0.5,2.6,2.3,26.8,.467,.496,.351,.502,.856,.561,2960
68,Oscar Robertson*,1964-65,26,CIN,NBA,75,,45.6,10.8,22.4,10.8,22.4,,,8.9,10.6,,,9.0,11.5,,,,2.7,30.4,.480,.480,,.480,.839,.561,3421
69,Alex English*,1984-85,31,DEN,NBA,81,81,36.1,11.6,22.4,11.6,22.3,0.0,0.1,4.7,5.7,2.5,3.1,5.7,4.2,1.2,0.6,3.1,3.2,27.9,.518,.519,.200,.518,.829,.561,2924
70,Patrick Ewing*,1990-91,28,NYK,NBA,81,81,38.3,10.4,20.3,10.4,20.2,0.0,0.1,5.7,7.7,2.4,8.8,11.2,3.0,1.0,3.2,3.6,3.5,26.6,.514,.516,.000,.514,.745,.561,3104
71,Alex English*,1982-83,29,DEN,NBA,82,82,36.4,11.7,22.6,11.7,22.5,0.0,0.1,5.0,6.0,3.2,4.1,7.3,4.8,1.4,1.5,3.2,2.9,28.4,.516,.519,.167,.517,.829,.561,2988
72,Carmelo Anthony,2012-13,28,NYK,NBA,67,67,37.0,10.0,22.2,7.6,16.0,2.3,6.2,6.3,7.6,2.0,4.9,6.9,2.6,0.8,0.5,2.6,3.1,28.7,.449,.476,.379,.502,.830,.560,2482
73,Jerry West*,1966-67,28,LAL,NBA,66,,40.5,9.8,21.0,9.8,21.0,,,9.1,10.4,,,5.9,6.8,,,,2.4,28.7,.464,.464,,.464,.878,.559,2670
74,Kobe Bryant,2005-06,27,LAL,NBA,80,80,41.0,12.2,27.2,10.0,20.7,2.3,6.5,8.7,10.2,0.9,4.4,5.3,4.5,1.8,0.4,3.1,2.9,35.4,.450,.482,.347,.491,.850,.559,3277
75,Hakeem Olajuwon*,1995-96,33,HOU,NBA,72,72,38.8,10.7,20.8,10.6,20.6,0.0,0.2,5.5,7.6,2.4,8.4,10.9,3.6,1.6,2.9,3.4,3.4,26.9,.514,.517,.214,.515,.724,.558,2797
76,Bob McAdoo*,1976-77,25,TOT,NBA,72,,38.9,10.3,20.1,10.3,20.1,,,5.3,7.2,2.8,10.1,12.9,2.8,1.1,1.4,,3.6,25.8,.512,.512,,.512,.738,.557,2798
77,Dominique Wilkins*,1989-90,30,ATL,NBA,80,79,36.1,10.1,20.9,9.4,18.6,0.7,2.3,5.7,7.1,2.7,3.8,6.5,2.5,1.6,0.6,2.2,1.8,26.7,.484,.504,.322,.502,.807,.556,2888
78,Oscar Robertson*,1960-61,22,CIN,NBA,71,,42.7,10.6,22.5,10.6,22.5,,,9.2,11.2,,,10.1,9.7,,,,3.1,30.5,.473,.473,,.473,.822,.555,3032
79,Dominique Wilkins*,1990-91,31,ATL,NBA,81,81,38.0,9.5,20.2,8.5,17.2,1.0,3.1,5.9,7.1,3.2,5.8,9.0,3.3,1.5,0.8,2.5,1.9,25.9,.470,.492,.341,.495,.829,.555,3078
80,Clyde Drexler*,1988-89,26,POR,NBA,78,78,39.3,10.6,21.4,10.3,20.1,0.3,1.3,5.6,7.0,3.7,4.2,7.9,5.8,2.7,0.7,3.2,3.4,27.2,.496,.511,.260,.504,.799,.555,3064
81,Tiny Archibald*,1972-73,24,KCO,NBA,80,,46.0,12.9,26.3,12.9,26.3,,,8.3,9.8,,,2.8,11.4,,,,2.6,34.0,.488,.488,,.488,.847,.555,3681
82,George Gervin*,1980-81,28,SAS,NBA,82,,33.7,10.4,21.1,10.3,20.7,0.1,0.4,6.2,7.6,1.5,3.6,5.1,3.2,1.1,0.7,3.1,2.6,27.1,.492,.496,.257,.494,.826,.555,2765
83,Walt Bellamy*,1961-62,22,CHP,NBA,79,,42.3,12.3,23.7,12.3,23.7,,,6.9,10.8,,,19.0,2.7,,,,3.6,31.6,.519,.519,,.519,.644,.554,3344
84,Oscar Robertson*,1961-62,23,CIN,NBA,79,,44.3,11.0,22.9,11.0,22.9,,,8.9,11.0,,,12.5,11.4,,,,3.3,30.8,.478,.478,,.478,.803,.554,3503
85,LeBron James,2004-05,20,CLE,NBA,80,80,42.4,9.9,21.1,8.6,17.2,1.4,3.9,6.0,8.0,1.4,6.0,7.4,7.2,2.2,0.7,3.3,1.8,27.2,.472,.499,.351,.504,.750,.554,3388
86,LeBron James,2006-07,22,CLE,NBA,78,78,40.9,9.9,20.8,8.6,16.8,1.3,4.0,6.3,9.0,1.1,5.7,6.7,6.0,1.6,0.7,3.2,2.2,27.3,.476,.513,.319,.507,.698,.552,3190
87,Kareem Abdul-Jabbar*,1969-70,22,MIL,NBA,82,,43.1,11.4,22.1,11.4,22.1,,,5.9,9.1,,,14.5,4.1,,,,3.5,28.8,.518,.518,,.518,.653,.552,3534
88,Carmelo Anthony,2006-07,22,DEN,NBA,65,65,38.2,10.6,22.4,10.0,20.1,0.6,2.3,7.1,8.7,2.2,3.8,6.0,3.8,1.2,0.4,3.6,3.1,28.9,.476,.499,.268,.489,.808,.552,2486
89,Kobe Bryant,2000-01,22,LAL,NBA,68,68,40.9,10.3,22.2,9.4,19.3,0.9,2.9,7.0,8.2,1.5,4.3,5.9,5.0,1.7,0.6,3.2,3.3,28.5,.464,.489,.305,.484,.853,.552,2783
90,World B. Free,1978-79,25,SDC,NBA,78,,37.9,10.2,21.2,10.2,21.2,,,8.4,11.1,1.6,2.2,3.9,4.4,1.4,0.4,3.8,3.2,28.8,.481,.481,,.481,.756,.552,2954
91,Dominique Wilkins*,1991-92,32,ATL,NBA,42,42,38.1,10.1,21.8,9.2,18.7,0.9,3.0,7.0,8.4,2.5,4.6,7.0,3.8,1.2,0.6,2.9,1.8,28.1,.464,.492,.289,.484,.835,.552,1601
92,Vince Carter,2000-01,24,TOR,NBA,75,75,39.7,10.2,22.1,8.0,16.8,2.2,5.3,5.1,6.7,2.3,3.2,5.5,3.9,1.5,1.1,2.2,2.7,27.6,.460,.477,.408,.509,.765,.551,2979
93,George Gervin*,1983-84,31,SAS,NBA,76,76,34.0,10.1,20.5,9.9,20.2,0.1,0.3,5.6,6.7,1.4,2.7,4.1,2.9,1.0,0.6,2.9,2.9,25.9,.490,.491,.417,.493,.842,.551,2584
94,Kareem Abdul-Jabbar*,1974-75,27,MIL,NBA,65,,42.3,12.5,24.4,12.5,24.4,,,5.0,6.6,3.0,11.0,14.0,4.1,1.0,3.3,,3.2,30.0,.513,.513,,.513,.763,.550,2747
95,Wilt Chamberlain*,1962-63,26,SFW,NBA,80,,47.6,18.3,34.6,18.3,34.6,,,8.3,13.9,,,24.3,3.4,,,,1.7,44.8,.528,.528,,.528,.593,.550,3806
96,Kobe Bryant,2002-03,24,LAL,NBA,82,82,41.5,10.6,23.5,9.1,19.5,1.5,4.0,7.3,8.7,1.3,5.6,6.9,5.9,2.2,0.8,3.5,2.7,30.0,.451,.465,.383,.483,.843,.550,3401
97,Alex English*,1986-87,33,DEN,NBA,82,82,37.6,11.8,23.4,11.7,23.2,0.0,0.2,5.0,5.9,1.8,2.4,4.2,5.1,0.9,0.3,2.6,2.6,28.6,.503,.504,.267,.504,.844,.549,3085
98,Lou Hudson,1971-72,27,ATL,NBA,77,,39.5,10.1,20.0,10.1,20.0,,,4.5,5.6,,,5.0,4.0,,,,2.9,24.7,.503,.503,,.503,.812,.549,3042
99,Carmelo Anthony,2009-10,25,DEN,NBA,69,69,38.2,10.0,21.8,9.1,19.1,0.9,2.7,7.4,8.9,2.2,4.4,6.6,3.2,1.3,0.4,3.0,3.3,28.2,.458,.478,.316,.478,.830,.548,2634
100,Jim Jackson,1994-95,24,DAL,NBA,51,51,38.9,9.5,20.1,8.8,18.0,0.7,2.2,6.0,7.5,2.4,2.7,5.1,3.7,0.5,0.2,3.1,1.8,25.7,.472,.490,.318,.489,.805,.549,1982
101,Gail Goodrich*,1971-72,28,LAL,NBA,82,,37.1,10.1,20.7,10.1,20.7,,,5.8,6.8,,,3.6,4.5,,,,2.6,25.9,.487,.487,,.487,.850,.548,3040
102,Wilt Chamberlain*,1965-66,29,PHI,NBA,79,,47.3,13.6,25.2,13.6,25.2,,,6.3,12.4,,,24.6,5.2,,,,2.2,33.5,.540,.540,,.540,.513,.547,3737
103,Purvis Short,1985-86,28,GSW,NBA,64,63,37.9,9.9,20.5,9.7,19.8,0.2,0.8,5.5,6.3,2.0,3.2,5.1,3.7,1.4,0.3,2.9,3.6,25.5,.482,.489,.306,.488,.865,.547,2427
104,Tom Chambers,1988-89,29,PHO,NBA,81,81,37.1,9.6,20.3,9.2,19.2,0.3,1.1,6.3,7.4,1.8,6.7,8.4,2.9,1.1,0.7,2.9,3.3,25.7,.471,.479,.326,.480,.851,.547,3002
105,Lou Hudson,1973-74,29,ATL,NBA,65,,39.8,10.4,20.9,10.4,20.9,,,4.5,5.4,1.9,3.4,5.4,3.3,2.5,0.4,,3.2,25.4,.500,.500,,.500,.836,.546,2588
106,Jerry West*,1971-72,33,LAL,NBA,77,,38.6,9.5,20.0,9.5,20.0,,,6.7,8.2,,,4.2,9.7,,,,2.7,25.8,.477,.477,,.477,.814,.546,2973
107,Larry Bird*,1989-90,33,BOS,NBA,75,75,39.3,9.6,20.2,8.7,17.6,0.9,2.6,4.3,4.6,1.2,8.3,9.5,7.5,1.4,0.8,3.2,2.3,24.3,.473,.494,.333,.495,.930,.546,2944
108,Kobe Bryant,2009-10,31,LAL,NBA,73,73,38.8,9.8,21.5,8.5,17.4,1.4,4.1,6.0,7.4,1.1,4.3,5.4,5.0,1.5,0.3,3.2,2.6,27.0,.456,.487,.329,.488,.811,.545,2835
109,Tiny Archibald*,1974-75,26,KCO,NBA,82,,39.6,9.3,20.3,9.3,20.3,,,8.0,9.1,0.6,2.1,2.7,6.8,1.5,0.1,,2.3,26.5,.456,.456,,.456,.872,.544,3244
110,Vince Carter,1999-00,23,TOR,NBA,82,82,38.1,9.6,20.7,8.5,17.8,1.2,2.9,5.3,6.7,1.8,4.0,5.8,3.9,1.3,1.1,2.2,3.2,25.7,.465,.475,.403,.493,.791,.543,3126
111,World B. Free,1979-80,26,SDC,NBA,68,,38.0,10.8,22.9,10.7,22.5,0.1,0.4,8.4,11.2,1.9,1.6,3.5,4.2,1.2,0.5,3.4,2.9,30.2,.474,.476,.360,.477,.753,.544,2585
112,Allen Iverson,2005-06,30,PHI,NBA,72,72,43.1,11.3,25.3,10.3,22.2,1.0,3.1,9.4,11.5,0.6,2.6,3.2,7.4,1.9,0.1,3.4,1.7,33.0,.447,.465,.323,.467,.814,.543,3103
113,Billy Knight,1976-77,24,IND,NBA,78,,40.0,10.7,21.6,10.7,21.6,,,5.3,6.5,2.9,4.6,7.5,3.3,1.5,0.2,,2.5,26.6,.493,.493,,.493,.816,.543,3117
114,Dominique Wilkins*,1986-87,27,ATL,NBA,79,79,37.6,10.5,22.6,10.1,21.3,0.4,1.3,7.7,9.4,2.7,3.6,6.3,3.3,1.5,0.6,2.7,1.9,29.0,.463,.474,.292,.472,.818,.543,2969
115,DeMarcus Cousins,2015-16,25,SAC,NBA,63,63,34.5,9.3,20.4,8.2,17.2,1.1,3.2,7.4,10.3,2.5,9.1,11.6,3.3,1.5,1.4,3.8,3.6,27.0,.453,.474,.340,.480,.722,.542,2176
116,Bob McAdoo*,1975-76,24,BUF,NBA,78,,42.7,12.0,24.6,12.0,24.6,,,7.2,9.4,3.1,9.3,12.4,4.0,1.2,2.1,,3.8,31.1,.487,.487,,.487,.762,.542,3328
117,Vince Carter,2004-05,28,TOT,NBA,77,76,36.7,9.0,20.0,7.4,15.9,1.6,4.1,4.8,6.0,1.4,3.8,5.2,4.2,1.4,0.6,2.2,3.2,24.5,.452,.463,.406,.493,.798,.541,2828
118,Allen Iverson,2006-07,31,TOT,NBA,65,64,42.5,8.9,20.2,8.0,17.2,1.0,3.0,7.5,9.4,0.4,2.6,3.0,7.2,1.9,0.2,4.1,1.5,26.3,.442,.465,.315,.466,.795,.540,2761
119,Dave Bing*,1970-71,27,DET,NBA,82,,37.4,9.7,20.9,9.7,20.9,,,7.5,9.4,,,4.4,5.0,,,,2.8,27.0,.467,.467,,.467,.797,.540,3065
120,Mark Aguirre,1987-88,28,DAL,NBA,77,77,33.9,9.7,20.4,9.0,18.2,0.7,2.2,5.0,6.5,2.4,3.3,5.6,3.6,0.9,0.7,2.6,2.9,25.1,.475,.496,.302,.491,.770,.539,2610
121,Bob Lanier*,1971-72,23,DET,NBA,80,,38.7,10.4,21.1,10.4,21.1,,,4.9,6.3,,,14.2,3.1,,,,3.7,25.7,.493,.493,,.493,.768,.538,3092
122,Wilt Chamberlain*,1963-64,27,SFW,NBA,80,,46.1,15.1,28.7,15.1,28.7,,,6.8,12.7,,,22.3,5.0,,,,2.3,36.9,.524,.524,,.524,.531,.537,3689
123,Russell Westbrook,2014-15,26,OKC,NBA,67,67,34.4,9.4,22.0,8.1,17.7,1.3,4.3,8.1,9.8,1.9,5.4,7.3,8.6,2.1,0.2,4.4,2.7,28.1,.426,.457,.299,.455,.835,.536,2302
124,Wilt Chamberlain*,1961-62,25,PHW,NBA,80,,48.5,20.0,39.5,20.0,39.5,,,10.4,17.0,,,25.7,2.4,,,,1.5,50.4,.506,.506,,.506,.613,.536,3882
125,Dominique Wilkins*,1985-86,26,ATL,NBA,78,78,39.1,11.4,24.3,11.2,23.4,0.2,0.9,7.4,9.0,3.3,4.6,7.9,2.6,1.8,0.6,3.2,2.2,30.3,.468,.479,.186,.472,.818,.536,3049
126,Monta Ellis,2010-11,25,GSW,NBA,80,80,40.3,9.1,20.1,7.4,15.4,1.7,4.7,4.3,5.4,0.6,3.0,3.5,5.6,2.1,0.3,3.2,2.5,24.1,.451,.478,.361,.493,.789,.536,3227
127,Gary Payton*,1999-00,31,SEA,NBA,82,82,41.8,9.1,20.3,7.0,14.0,2.2,6.3,3.8,5.2,1.2,5.2,6.5,8.9,1.9,0.2,2.7,2.2,24.2,.448,.497,.340,.502,.735,.535,3425
128,Bob Pettit*,1963-64,31,STL,NBA,80,,41.2,9.9,21.4,9.9,21.4,,,7.6,9.6,,,15.3,3.2,,,,3.8,27.4,.463,.463,,.463,.789,.535,3296
129,Alex English*,1987-88,34,DEN,NBA,80,80,35.2,10.5,21.3,10.5,21.2,0.0,0.1,3.9,4.7,2.1,2.6,4.7,4.7,0.9,0.3,2.3,2.4,25.0,.495,.496,.000,.495,.828,.535,2818
130,Dominique Wilkins*,1987-88,28,ATL,NBA,78,76,37.8,11.7,25.1,11.2,23.4,0.5,1.7,6.9,8.4,2.7,3.7,6.4,2.9,1.3,0.6,2.8,2.1,30.7,.464,.476,.295,.474,.826,.534,2948
131,Michael Jordan*,1997-98,34,CHI,NBA,82,82,38.8,10.7,23.1,10.4,21.5,0.4,1.5,6.9,8.8,1.6,4.2,5.8,3.5,1.7,0.5,2.3,1.8,28.7,.465,.482,.238,.473,.784,.533,3181
132,Purvis Short,1984-85,27,GSW,NBA,78,77,39.5,10.5,22.8,9.9,20.9,0.6,1.9,6.4,7.9,2.0,3.1,5.1,3.0,1.5,0.3,3.1,3.3,28.0,.460,.474,.313,.473,.817,.533,3081
133,Paul Pierce,2002-03,25,BOS,NBA,79,79,39.2,8.4,20.2,6.9,15.2,1.5,4.9,7.6,9.5,1.3,6.0,7.3,4.4,1.8,0.8,3.6,2.9,25.9,.416,.454,.302,.454,.802,.532,3096
134,Jack Twyman*,1960-61,26,CIN,NBA,79,,37.0,10.1,20.7,10.1,20.7,,,5.1,7.0,,,8.5,2.8,,,,3.5,25.3,.488,.488,,.488,.731,.532,2920
135,Tracy McGrady,2001-02,22,ORL,NBA,76,76,38.3,9.4,20.9,8.1,17.1,1.4,3.7,5.5,7.3,2.0,5.9,7.9,5.3,1.6,1.0,2.5,1.8,25.6,.451,.470,.364,.483,.748,.532,2912
136,Spencer Haywood*,1972-73,23,SEA,NBA,77,,42.3,11.5,24.3,11.5,24.3,,,6.1,7.3,,,12.9,2.5,,,,2.8,29.2,.476,.476,,.476,.839,.532,3259
137,Allen Iverson,2004-05,29,PHI,NBA,75,75,42.3,10.3,24.2,8.9,19.7,1.4,4.5,8.7,10.5,0.7,3.3,4.0,7.9,2.4,0.1,4.6,1.9,30.7,.424,.451,.308,.453,.835,.532,3174
138,Alex English*,1988-89,35,DEN,NBA,82,82,36.5,11.3,22.9,11.2,22.8,0.0,0.1,4.0,4.6,1.8,2.2,4.0,4.7,0.8,0.1,2.4,2.1,26.5,.491,.492,.250,.492,.858,.531,2990
139,Carmelo Anthony,2014-15,30,NYK,NBA,40,40,35.7,9.0,20.2,7.4,15.7,1.5,4.5,4.7,5.9,1.8,4.8,6.6,3.1,1.0,0.4,2.2,2.2,24.2,.444,.474,.341,.482,.797,.531,1428
140,Rick Barry*,1966-67,22,SFW,NBA,78,,40.7,13.0,28.7,13.0,28.7,,,9.7,10.9,,,9.2,3.6,,,,3.3,35.6,.451,.451,,.451,.884,.531,3175
141,Chris Webber,1999-00,26,SAC,NBA,75,75,38.4,10.0,20.6,9.6,19.4,0.4,1.3,4.1,5.5,2.5,8.0,10.5,4.6,1.6,1.7,2.9,3.5,24.5,.483,.496,.284,.492,.751,.530,2880
142,Michael Adams,1990-91,28,DEN,NBA,66,66,35.5,8.5,21.5,6.0,13.0,2.5,8.5,7.0,8.0,0.9,3.0,3.9,10.5,2.2,0.1,3.6,2.5,26.5,.394,.459,.296,.453,.879,.530,2346
143,Fred Brown,1975-76,27,SEA,NBA,76,,33.1,9.8,20.0,9.8,20.0,,,3.6,4.1,1.5,2.7,4.2,2.7,1.9,0.2,,2.4,23.1,.488,.488,,.488,.869,.529,2516
144,Dominique Wilkins*,1993-94,34,TOT,NBA,74,74,35.6,9.4,21.5,8.3,17.5,1.1,4.0,6.0,7.1,2.5,4.0,6.5,2.3,1.2,0.4,2.3,1.7,26.0,.440,.474,.288,.466,.847,.529,2635
145,Jeff Malone,1989-90,28,WSB,NBA,75,74,34.2,10.4,21.2,10.4,21.1,0.0,0.1,3.4,3.9,0.7,2.0,2.7,3.2,0.6,0.1,1.7,1.5,24.3,.491,.492,.167,.491,.877,.529,2567
146,Dominique Wilkins*,1988-89,29,ATL,NBA,80,80,37.5,10.2,22.0,9.8,20.6,0.4,1.3,5.5,6.6,3.2,3.7,6.9,2.6,1.5,0.7,2.3,1.7,26.2,.464,.475,.276,.472,.844,.528,2997
147,Lou Hudson,1972-73,28,ATL,NBA,75,,40.4,10.9,22.8,10.9,22.8,,,5.3,6.4,,,6.2,3.4,,,,2.6,27.1,.477,.477,,.477,.825,.528,3027
148,Spencer Haywood*,1971-72,22,SEA,NBA,73,,43.4,9.8,21.3,9.8,21.3,,,6.6,8.0,,,12.7,2.0,,,,2.8,26.2,.461,.461,,.461,.819,.527,3167
149,Lou Hudson,1970-71,26,ATL,NBA,76,,41.0,10.9,22.5,10.9,22.5,,,5.0,6.6,,,5.1,3.4,,,,2.4,26.8,.484,.484,,.484,.759,.527,3113
150,Bob Lanier*,1972-73,24,DET,NBA,81,,38.9,10.0,20.4,10.0,20.4,,,3.8,4.9,,,14.9,3.2,,,,3.4,23.8,.490,.490,,.490,.773,.527,3150
151,Bernard King*,1990-91,34,WSB,NBA,64,64,37.5,11.1,23.6,11.0,23.0,0.1,0.6,6.0,7.6,1.8,3.2,5.0,4.6,0.9,0.3,4.0,2.9,28.4,.472,.478,.216,.475,.790,.527,2401
152,Kobe Bryant,2011-12,33,LAL,NBA,58,58,38.5,9.9,23.0,8.4,18.1,1.5,4.9,6.6,7.8,1.1,4.3,5.4,4.6,1.2,0.3,3.5,1.8,27.9,.430,.464,.303,.462,.845,.527,2232
153,Tracy McGrady,2003-04,24,ORL,NBA,67,67,39.9,9.7,23.4,7.1,15.7,2.6,7.7,5.9,7.5,1.4,4.6,6.0,5.5,1.4,0.6,2.7,1.9,28.0,.417,.455,.339,.473,.796,.526,2675
154,Tracy McGrady,2004-05,25,HOU,NBA,78,78,40.8,9.2,21.3,7.3,15.7,1.8,5.6,5.5,7.1,0.9,5.3,6.2,5.7,1.7,0.7,2.6,2.1,25.7,.431,.468,.326,.473,.774,.526,3182
155,Calvin Murphy*,1977-78,29,HOU,NBA,76,,38.2,11.2,22.9,11.2,22.9,,,3.2,3.5,0.8,1.4,2.2,3.4,1.5,0.0,2.3,3.2,25.6,.491,.491,,.491,.918,.525,2900
156,Geoff Petrie,1973-74,25,POR,NBA,73,,38.4,10.1,21.1,10.1,21.1,,,4.0,4.7,0.9,2.0,2.8,4.3,1.2,0.2,,2.7,24.3,.481,.481,,.481,.853,.525,2800
157,Mike Mitchell,1983-84,28,SAS,NBA,79,79,36.1,9.9,20.2,9.8,20.0,0.1,0.2,3.5,4.5,2.4,4.8,7.2,1.2,0.8,0.9,1.8,3.2,23.3,.488,.488,.429,.490,.779,.525,2853
158,Bob Pettit*,1962-63,30,STL,NBA,79,,39.1,9.8,22.1,9.8,22.1,,,8.7,11.2,,,15.1,3.1,,,,3.6,28.4,.446,.446,,.446,.774,.525,3090
159,Jerry West*,1961-62,23,LAL,NBA,75,,41.2,10.7,23.9,10.7,23.9,,,9.5,12.3,,,7.9,5.4,,,,2.3,30.8,.445,.445,,.445,.769,.524,3087
160,Pete Maravich*,1975-76,28,NOJ,NBA,62,,38.3,9.7,21.2,9.7,21.2,,,6.4,7.9,0.7,4.1,4.8,5.4,1.4,0.4,,3.2,25.9,.459,.459,,.459,.811,.524,2373
161,Billy Cunningham*,1969-70,26,PHI,NBA,81,,39.4,9.9,21.1,9.9,21.1,,,6.3,8.6,,,13.6,4.3,,,,4.1,26.1,.469,.469,,.469,.729,.524,3194
162,Jerry West*,1962-63,24,LAL,NBA,55,,39.3,10.2,22.1,10.2,22.1,,,6.7,8.7,,,7.0,5.6,,,,2.7,27.1,.461,.461,,.461,.778,.523,2163
163,Bob Pettit*,1961-62,29,STL,NBA,78,,42.1,11.1,24.7,11.1,24.7,,,8.9,11.6,,,18.7,3.7,,,,3.8,31.1,.450,.450,,.450,.771,.522,3282
164,Cliff Hagan*,1959-60,28,STL,NBA,75,,37.3,9.6,20.7,9.6,20.7,,,5.6,7.0,,,10.7,4.0,,,,3.6,24.8,.464,.464,,.464,.803,.522,2798
165,Glenn Robinson,1997-98,25,MIL,NBA,56,56,41.0,9.5,20.3,9.1,19.1,0.4,1.2,3.8,4.8,1.5,4.0,5.5,2.8,1.2,0.6,3.6,2.9,23.4,.470,.475,.385,.481,.808,.522,2294
166,Gary Payton*,2000-01,32,SEA,NBA,79,79,41.1,9.2,20.1,7.9,16.7,1.3,3.4,3.4,4.5,0.9,3.6,4.6,8.1,1.6,0.3,2.6,2.3,23.1,.456,.472,.375,.488,.766,.522,3244
167,Jerry Stackhouse,2000-01,26,DET,NBA,80,80,40.2,9.7,24.1,7.6,18.2,2.1,5.9,8.3,10.1,1.2,2.7,3.9,5.1,1.2,0.7,4.1,2.0,29.8,.402,.418,.351,.445,.822,.521,3215
168,Tracy McGrady,2000-01,21,ORL,NBA,77,77,40.1,10.2,22.4,9.5,20.2,0.8,2.2,5.6,7.6,2.5,5.0,7.5,4.6,1.5,1.5,2.6,2.1,26.8,.457,.468,.355,.474,.733,.521,3087
169,Tiny Archibald*,1975-76,27,KCK,NBA,78,,40.8,9.2,20.3,9.2,20.3,,,6.4,8.0,0.9,1.9,2.7,7.9,1.6,0.2,,2.2,24.8,.453,.453,,.453,.802,.521,3184
170,Randy Smith,1977-78,29,BUF,NBA,82,,40.4,9.6,20.7,9.6,20.7,,,5.4,6.8,1.3,2.4,3.8,5.6,2.1,0.1,3.5,2.7,24.6,.465,.465,,.465,.800,.521,3314
171,Bob Pettit*,1958-59,26,STL,NBA,72,,39.9,10.0,22.8,10.0,22.8,,,9.3,12.2,,,16.4,3.1,,,,2.8,29.2,.438,.438,,.438,.759,.519,2873
172,Wilt Chamberlain*,1960-61,24,PHW,NBA,79,,47.8,15.8,31.1,15.8,31.1,,,6.7,13.3,,,27.2,1.9,,,,1.6,38.4,.509,.509,,.509,.504,.519,3773
173,Paul Arizin*,1958-59,30,PHW,NBA,70,,40.0,9.0,20.9,9.0,20.9,,,8.4,10.3,,,9.1,1.7,,,,3.8,26.4,.431,.431,,.431,.813,.519,2799
174,Elgin Baylor*,1962-63,28,LAL,NBA,80,,42.1,12.9,28.4,12.9,28.4,,,8.3,9.9,,,14.3,4.8,,,,2.8,34.0,.453,.453,,.453,.837,.519,3370
175,Allen Iverson,2000-01,25,PHI,NBA,71,71,42.0,10.7,25.5,9.4,21.2,1.4,4.3,8.2,10.1,0.7,3.1,3.8,4.6,2.5,0.3,3.3,2.1,31.1,.420,.441,.320,.447,.814,.518,2979
176,Rick Barry*,1965-66,21,SFW,NBA,80,,37.4,9.3,21.2,9.3,21.2,,,7.1,8.3,,,10.6,2.2,,,,3.7,25.7,.439,.439,,.439,.862,.518,2990
177,Monta Ellis,2009-10,24,GSW,NBA,64,64,41.4,9.9,22.0,8.7,18.4,1.2,3.6,4.6,6.1,0.7,3.3,4.0,5.3,2.2,0.4,3.8,3.0,25.5,.449,.470,.338,.476,.753,.517,2647
178,Chris Webber,2000-01,27,SAC,NBA,70,70,40.5,11.2,23.4,11.2,23.0,0.0,0.4,4.6,6.6,2.6,8.5,11.1,4.2,1.3,1.7,2.8,3.2,27.1,.481,.488,.071,.481,.703,.516,2836
179,Pete Maravich*,1973-74,26,ATL,NBA,76,,38.2,10.8,23.6,10.8,23.6,,,6.2,7.5,1.3,3.6,4.9,5.2,1.5,0.2,,3.4,27.7,.457,.457,,.457,.826,.516,2903
180,Richie Guerin*,1961-62,29,NYK,NBA,78,,42.9,10.8,24.3,10.8,24.3,,,8.0,9.8,,,6.4,6.9,,,,3.8,29.5,.442,.442,,.442,.820,.516,3348
181,Tracy McGrady,2006-07,27,HOU,NBA,71,71,35.8,9.0,20.8,7.2,15.5,1.8,5.4,4.9,6.9,0.8,4.5,5.3,6.5,1.3,0.5,3.0,1.9,24.6,.431,.466,.331,.474,.707,.515,2539
182,Bob Love,1970-71,28,CHI,NBA,81,,43.0,9.4,21.1,9.4,21.1,,,6.3,7.6,,,8.5,2.3,,,,3.2,25.2,.447,.447,,.447,.829,.515,3482
183,Rick Barry*,1973-74,29,GSW,NBA,80,,36.5,10.0,21.8,10.0,21.8,,,5.2,5.8,1.3,5.5,6.8,6.1,2.1,0.5,,3.3,25.1,.456,.456,,.456,.899,.515,2918
184,Paul Arizin*,1956-57,28,PHW,NBA,71,,39.0,8.6,20.4,8.6,20.4,,,8.3,10.0,,,7.9,2.1,,,,3.9,25.6,.422,.422,,.422,.829,.515,2767
185,Vince Carter,2001-02,25,TOR,NBA,60,60,39.8,9.3,21.8,7.3,16.6,2.0,5.2,4.1,5.1,2.3,2.9,5.2,4.0,1.6,0.7,2.6,3.2,24.7,.428,.441,.387,.474,.798,.515,2385
186,Darrell Griffith,1982-83,24,UTA,NBA,77,76,36.2,9.8,20.2,9.3,18.5,0.5,1.7,2.2,3.2,1.3,2.6,3.9,3.5,1.8,0.4,3.3,2.4,22.2,.484,.502,.288,.496,.679,.514,2787
187,Dominique Wilkins*,1984-85,25,ATL,NBA,81,81,37.3,10.5,23.3,10.2,22.3,0.3,1.0,6.0,7.4,2.8,4.1,6.9,2.5,1.7,0.7,2.8,2.1,27.4,.451,.457,.309,.458,.806,.514,3023
188,Mike Mitchell,1985-86,30,SAS,NBA,82,82,36.2,9.8,20.7,9.8,20.5,0.0,0.1,3.9,4.8,1.6,3.4,5.0,2.3,0.7,0.3,2.2,2.1,23.4,.473,.476,.000,.473,.809,.514,2970
189,Mike Mitchell,1980-81,25,CLE,NBA,82,,39.0,10.4,21.8,10.4,21.7,0.0,0.1,3.7,4.7,2.6,3.5,6.1,1.7,0.8,0.6,2.1,2.4,24.5,.476,.476,.444,.477,.784,.513,3194
190,Wilt Chamberlain*,1964-65,28,TOT,NBA,73,,45.2,14.6,28.5,14.6,28.5,,,5.6,12.1,,,22.9,3.4,,,,2.0,34.7,.510,.510,,.510,.464,.513,3301
191,John Havlicek*,1970-71,30,BOS,NBA,81,,45.4,11.0,24.5,11.0,24.5,,,6.8,8.4,,,9.0,7.5,,,,2.5,28.9,.450,.450,,.450,.818,.513,3678
192,John Havlicek*,1971-72,31,BOS,NBA,82,,45.1,10.9,23.9,10.9,23.9,,,5.6,6.7,,,8.2,7.5,,,,2.2,27.5,.458,.458,,.458,.834,.512,3698
193,Darrell Griffith,1984-85,26,UTA,NBA,78,78,35.6,9.3,20.4,8.2,17.1,1.2,3.3,2.8,3.8,1.6,2.8,4.4,3.1,1.7,0.4,3.2,2.3,22.6,.457,.476,.358,.486,.725,.512,2776
194,Spencer Haywood*,1973-74,24,SEA,NBA,75,,40.5,9.3,20.3,9.3,20.3,,,5.0,6.1,4.2,9.2,13.4,3.2,0.9,1.4,,2.6,23.5,.457,.457,,.457,.814,.511,3039
195,Bob Rule,1968-69,24,SEA,NBA,82,,37.9,9.5,20.2,9.5,20.2,,,5.0,7.4,,,11.5,1.7,,,,3.9,24.0,.469,.469,,.469,.682,.511,3104
196,Bob Pettit*,1960-61,28,STL,NBA,76,,39.8,10.1,22.6,10.1,22.6,,,7.7,10.6,,,20.3,3.4,,,,2.9,27.9,.447,.447,,.447,.724,.511,3027
197,Gail Goodrich*,1973-74,30,LAL,NBA,82,,37.3,9.6,21.6,9.6,21.6,,,6.2,7.2,1.2,1.9,3.0,5.2,1.5,0.1,,2.8,25.3,.442,.442,,.442,.864,.511,3061
198,Bernard King*,1977-78,21,NJN,NBA,79,,39.1,10.1,21.1,10.1,21.1,,,4.0,5.8,3.4,6.2,9.5,2.4,1.5,0.5,3.9,3.8,24.2,.479,.479,,.479,.677,.511,3092
199,Bob Pettit*,1959-60,27,STL,NBA,72,,40.2,9.3,21.2,9.3,21.2,,,7.6,10.0,,,17.0,3.6,,,,2.8,26.1,.438,.438,,.438,.753,.510,2896
200,Gail Goodrich*,1972-73,29,LAL,NBA,76,,35.5,9.9,21.3,9.9,21.3,,,4.1,4.9,,,3.5,4.4,,,,2.5,23.9,.464,.464,,.464,.840,.510,2697
201,Rick Barry*,1977-78,33,GSW,NBA,82,,36.9,9.3,20.6,9.3,20.6,,,4.6,5.0,0.9,4.6,5.5,5.4,1.9,0.5,2.7,2.3,23.1,.451,.451,,.451,.924,.509,3024
202,Rick Barry*,1974-75,30,GSW,NBA,80,,40.4,12.9,27.7,12.9,27.7,,,4.9,5.5,1.2,4.6,5.7,6.2,2.9,0.4,,2.8,30.6,.464,.464,,.464,.904,.509,3235
203,Allen Iverson,1998-99,23,PHI,NBA,48,48,41.5,9.1,22.0,7.9,17.9,1.2,4.1,7.4,9.9,1.4,3.5,4.9,4.6,2.3,0.1,3.5,2.0,26.8,.412,.440,.291,.439,.751,.508,1990
204,Dolph Schayes*,1957-58,29,SYR,NBA,72,,40.5,8.1,20.3,8.1,20.3,,,8.7,9.7,,,14.2,3.1,,,,3.4,24.9,.398,.398,,.398,.904,.508,2918
205,LaMarcus Aldridge,2013-14,28,POR,NBA,69,69,36.2,9.4,20.6,9.4,20.4,0.0,0.2,4.3,5.2,2.4,8.7,11.1,2.6,0.9,1.0,1.8,2.1,23.2,.458,.461,.200,.459,.822,.507,2498
206,Hal Greer*,1963-64,27,PHI,NBA,80,,39.5,8.9,20.1,8.9,20.1,,,5.4,6.6,,,6.1,4.7,,,,3.6,23.3,.444,.444,,.444,.829,.506,3157
207,Sam Jones*,1964-65,31,BOS,NBA,80,,36.1,10.3,22.7,10.3,22.7,,,5.4,6.5,,,5.1,2.8,,,,2.2,25.9,.452,.452,,.452,.820,.505,2885
208,Bob Rule,1969-70,25,SEA,NBA,80,,37.0,9.9,21.3,9.9,21.3,,,4.8,6.8,,,10.3,1.8,,,,3.5,24.6,.463,.463,,.463,.714,.506,2959
209,George Yardley*,1957-58,29,DET,NBA,72,,39.5,9.3,22.6,9.3,22.6,,,9.1,11.2,,,10.7,1.3,,,,3.1,27.8,.414,.414,,.414,.811,.505,2843
210,Elgin Baylor*,1967-68,33,LAL,NBA,77,,39.3,9.8,22.2,9.8,22.2,,,6.3,8.1,,,12.2,4.6,,,,3.0,26.0,.443,.443,,.443,.786,.505,3029
211,Antoine Walker,2000-01,24,BOS,NBA,81,81,41.9,8.8,21.2,6.0,13.8,2.7,7.4,3.1,4.3,1.9,7.0,8.9,5.5,1.7,0.6,3.7,3.1,23.4,.413,.439,.367,.478,.716,.505,3396
212,Charlie Scott,1973-74,25,PHO,NBA,52,,38.5,10.3,22.5,10.3,22.5,,,4.7,6.1,1.2,3.0,4.3,5.2,1.9,0.4,,3.7,25.4,.459,.459,,.459,.781,.505,2003
213,Bob Pettit*,1955-56,23,STL,NBA,72,,38.8,9.0,20.9,9.0,20.9,,,7.7,10.5,,,16.2,2.6,,,,2.8,25.7,.429,.429,,.429,.736,.502,2794
214,John Havlicek*,1972-73,32,BOS,NBA,80,,42.1,9.6,21.3,9.6,21.3,,,4.6,5.4,,,7.1,6.6,,,,2.4,23.8,.450,.450,,.450,.858,.502,3367
215,Pete Maravich*,1972-73,25,ATL,NBA,79,,39.1,10.0,22.6,10.0,22.6,,,6.1,7.7,,,4.4,6.9,,,,3.1,26.1,.441,.441,,.441,.800,.502,3089
216,Tom Van Arsdale,1970-71,27,CIN,NBA,82,,38.4,9.1,20.0,9.1,20.0,,,4.6,6.4,,,6.1,2.2,,,,3.6,22.9,.456,.456,,.456,.721,.501,3146
217,Geoff Petrie,1972-73,24,POR,NBA,79,,39.7,10.6,22.8,10.6,22.8,,,3.8,4.8,,,3.5,4.4,,,,2.1,24.9,.464,.464,,.464,.778,.500,3134
218,Elgin Baylor*,1968-69,34,LAL,NBA,76,,40.3,9.6,21.5,9.6,21.5,,,5.5,7.5,,,10.6,5.4,,,,2.7,24.8,.447,.447,,.447,.743,.500,3064
219,Hal Greer*,1961-62,25,SYR,NBA,71,,38.1,9.1,20.3,9.1,20.3,,,4.7,5.7,,,7.4,4.4,,,,3.5,22.8,.447,.447,,.447,.819,.500,2705
220,Allen Iverson,2002-03,27,PHI,NBA,82,82,42.5,9.8,23.7,8.8,20.0,1.0,3.7,7.0,9.0,0.8,3.4,4.2,5.5,2.7,0.2,3.5,1.8,27.6,.414,.440,.277,.436,.774,.500,3485
221,Antawn Jamison,2000-01,24,GSW,NBA,82,82,41.4,9.8,22.1,9.0,19.6,0.8,2.5,4.7,6.5,3.4,5.3,8.7,2.0,1.4,0.3,2.4,2.7,24.9,.442,.459,.302,.459,.715,.499,3394
222,Geoff Petrie,1970-71,22,POR,NBA,82,,37.0,9.6,21.6,9.6,21.6,,,5.6,7.3,,,3.4,4.8,,,,2.4,24.8,.443,.443,,.443,.772,.499,3032
223,Charlie Scott,1972-73,24,PHO,NBA,81,,37.8,10.0,22.3,10.0,22.3,,,5.4,6.9,,,4.2,6.1,,,,3.8,25.3,.446,.446,,.446,.784,.499,3062
224,Elgin Baylor*,1960-61,26,LAL,NBA,73,,42.9,12.8,29.7,12.8,29.7,,,9.3,11.8,,,19.8,5.1,,,,3.8,34.8,.430,.430,,.430,.783,.498,3133
225,Walt Hazzard,1967-68,25,SEA,NBA,79,,33.7,9.3,21.0,9.3,21.0,,,5.4,7.0,,,4.2,6.2,,,,3.1,24.0,.441,.441,,.441,.774,.497,2666
226,Sidney Wicks,1972-73,23,POR,NBA,80,,39.4,9.5,21.1,9.5,21.1,,,4.8,6.6,,,10.9,5.5,,,,3.2,23.8,.452,.452,,.452,.723,.497,3152
227,Elvin Hayes*,1974-75,29,WSB,NBA,82,,42.3,9.0,20.3,9.0,20.3,,,5.0,6.5,2.7,9.5,12.2,2.5,1.9,2.3,,2.9,23.0,.443,.443,,.443,.766,.496,3465
228,Allen Iverson,1999-00,24,PHI,NBA,70,70,40.8,10.4,24.8,9.1,21.0,1.3,3.7,6.3,8.9,1.0,2.8,3.8,4.7,2.1,0.1,3.3,2.3,28.4,.421,.435,.341,.446,.713,.496,2853
229,Tracy McGrady,2005-06,26,HOU,NBA,47,47,37.1,8.7,21.5,7.2,16.5,1.6,5.0,5.4,7.2,1.0,5.6,6.5,4.8,1.3,0.9,2.6,1.9,24.4,.406,.434,.312,.442,.747,.494,1745
230,Bob Pettit*,1956-57,24,STL,NBA,71,,35.1,8.6,20.8,8.6,20.8,,,7.5,9.6,,,14.6,1.9,,,,2.5,24.7,.415,.415,,.415,.773,.494,2491
231,Earl Monroe*,1968-69,24,BAL,NBA,80,,38.4,10.1,23.0,10.1,23.0,,,5.6,7.3,,,3.5,4.9,,,,3.3,25.8,.440,.440,,.440,.768,.493,3075
232,Wilt Chamberlain*,1959-60,23,PHW,NBA,72,,46.4,14.8,32.1,14.8,32.1,,,8.0,13.8,,,27.0,2.3,,,,2.1,37.6,.461,.461,,.461,.582,.493,3338
233,Michael Jordan*,1994-95,31,CHI,NBA,17,17,39.3,9.8,23.8,8.8,21.9,0.9,1.9,6.4,8.0,1.5,5.4,6.9,5.3,1.8,0.8,2.1,2.8,26.9,.411,.403,.500,.431,.801,.493,668
234,Elvin Hayes*,1979-80,34,WSB,NBA,81,,39.3,9.4,20.7,9.4,20.5,0.0,0.2,4.1,5.9,3.3,7.7,11.1,1.6,0.8,2.3,2.7,3.8,23.0,.454,.456,.231,.455,.699,.492,3183
235,Bob Pettit*,1957-58,25,STL,NBA,70,,36.1,8.3,20.3,8.3,20.3,,,8.0,10.6,,,17.4,2.2,,,,3.2,24.6,.410,.410,,.410,.749,.492,2528
236,Gene Shue,1959-60,28,DET,NBA,75,,44.5,8.3,20.0,8.3,20.0,,,6.3,7.2,,,5.5,3.9,,,,1.9,22.8,.413,.413,,.413,.872,.492,3338
237,Elgin Baylor*,1961-62,27,LAL,NBA,48,,44.4,14.2,33.1,14.2,33.1,,,9.9,13.1,,,18.6,4.6,,,,3.2,38.3,.428,.428,,.428,.754,.492,2129
238,Baron Davis,2003-04,24,NOH,NBA,67,66,40.1,8.3,20.9,5.5,12.2,2.8,8.7,3.5,5.3,1.0,3.3,4.3,7.5,2.4,0.4,3.2,2.7,22.9,.395,.448,.321,.462,.673,.492,2686
239,Billy Cunningham*,1968-69,25,PHI,NBA,82,,40.8,9.0,21.2,9.0,21.2,,,6.8,9.2,,,12.8,3.5,,,,4.0,24.8,.426,.426,,.426,.737,.492,3345
240,Elvin Hayes*,1969-70,24,SDR,NBA,82,,44.7,11.1,24.6,11.1,24.6,,,5.2,7.6,,,16.9,2.0,,,,3.3,27.5,.452,.452,,.452,.688,.492,3665
241,Pete Maravich*,1976-77,29,NOJ,NBA,73,,41.7,12.1,28.0,12.1,28.0,,,6.9,8.2,1.2,3.9,5.1,5.4,1.2,0.3,,2.6,31.1,.433,.433,,.433,.835,.492,3041
242,Pete Maravich*,1977-78,30,NOJ,NBA,50,,40.8,11.1,25.1,11.1,25.1,,,4.8,5.5,1.0,2.6,3.6,6.7,2.0,0.2,5.0,2.3,27.0,.444,.444,,.444,.870,.492,2041
243,Elgin Baylor*,1966-67,32,LAL,NBA,70,,38.7,10.2,23.7,10.2,23.7,,,6.3,7.7,,,12.8,3.1,,,,3.0,26.6,.429,.429,,.429,.813,.491,2706
244,Kevin Loughery,1968-69,28,BAL,NBA,80,,39.2,9.0,20.5,9.0,20.5,,,4.7,5.8,,,3.3,4.8,,,,3.7,22.6,.438,.438,,.438,.803,.491,3135
245,Bob Love,1971-72,29,CHI,NBA,79,,39.3,10.4,23.5,10.4,23.5,,,5.1,6.4,,,6.6,1.6,,,,3.0,25.8,.442,.442,,.442,.784,.490,3108
246,Dave Bing*,1967-68,24,DET,NBA,79,,40.6,10.6,24.0,10.6,24.0,,,6.0,8.5,,,4.7,6.4,,,,3.2,27.1,.441,.441,,.441,.707,.490,3209
247,Antoine Walker,2001-02,25,BOS,NBA,81,81,42.0,8.2,20.9,5.5,12.9,2.7,8.0,3.0,4.0,1.9,7.0,8.8,5.0,1.5,0.5,3.1,2.9,22.1,.394,.425,.344,.460,.741,.490,3406
248,Elgin Baylor*,1959-60,25,MNL,NBA,70,,41.0,10.8,25.4,10.8,25.4,,,8.1,11.0,,,16.4,3.5,,,,3.3,29.6,.424,.424,,.424,.732,.489,2873
249,Allen Iverson,2001-02,26,PHI,NBA,60,59,43.7,11.1,27.8,9.8,23.4,1.3,4.5,7.9,9.8,0.7,3.8,4.5,5.5,2.8,0.2,4.0,1.7,31.4,.398,.419,.291,.422,.812,.489,2622
250,Elgin Baylor*,1958-59,24,MNL,NBA,70,,40.8,8.6,21.2,8.6,21.2,,,7.6,9.8,,,15.0,4.1,,,,3.9,24.9,.408,.408,,.408,.777,.488,2855
251,John Williamson,1977-78,26,TOT,NBA,75,,36.4,9.6,22.0,9.6,22.0,,,4.4,5.2,0.9,2.1,3.0,2.9,1.3,0.1,3.0,3.1,23.7,.438,.438,,.438,.847,.488,2731
252,Jack Twyman*,1959-60,25,CIN,NBA,75,,40.3,11.6,27.5,11.6,27.5,,,8.0,10.2,,,8.9,3.5,,,,3.7,31.2,.422,.422,,.422,.785,.487,3023
253,Elgin Baylor*,1963-64,29,LAL,NBA,78,,40.6,9.7,22.8,9.7,22.8,,,6.0,7.5,,,12.0,4.4,,,,3.0,25.4,.425,.425,,.425,.804,.487,3164
254,Austin Carr,1973-74,25,CLE,NBA,81,,38.3,9.2,20.8,9.2,20.8,,,3.4,4.0,1.7,1.9,3.6,3.8,1.1,0.2,,2.3,21.9,.445,.445,,.445,.856,.486,3100
255,Chris Webber,2002-03,29,SAC,NBA,67,67,39.1,9.9,21.4,9.8,21.1,0.1,0.3,3.2,5.3,2.4,8.1,10.5,5.4,1.6,1.3,3.2,3.0,23.0,.461,.465,.238,.463,.607,.485,2622
256,Bill Sharman*,1957-58,31,BOS,NBA,63,,35.1,8.7,20.6,8.7,20.6,,,4.8,5.4,,,4.7,2.7,,,,2.5,22.3,.424,.424,,.424,.893,.485,2214
257,Rick Barry*,1975-76,31,GSW,NBA,81,,38.5,8.7,20.0,8.7,20.0,,,3.5,3.8,0.9,5.2,6.1,6.1,2.5,0.3,,2.7,21.0,.435,.435,,.435,.923,.483,3122
258,Clyde Lovellette*,1957-58,28,CIN,NBA,71,,36.5,9.6,21.7,9.6,21.7,,,4.2,5.7,,,12.1,1.9,,,,3.3,23.4,.441,.441,,.441,.743,.483,2589
259,Elvin Hayes*,1968-69,23,SDR,NBA,82,,45.1,11.3,25.4,11.3,25.4,,,5.7,9.1,,,17.1,1.4,,,,3.2,28.4,.447,.447,,.447,.626,.483,3695
260,Tom Heinsohn*,1961-62,27,BOS,NBA,79,,30.2,8.8,20.4,8.8,20.4,,,4.5,5.5,,,9.5,2.1,,,,3.5,22.1,.429,.429,,.429,.819,.482,2383
261,George McGinnis,1975-76,25,PHI,NBA,77,,38.3,8.4,20.2,8.4,20.2,,,6.2,8.3,3.4,9.2,12.6,4.7,2.6,0.5,,4.3,23.0,.417,.417,,.417,.740,.482,2946
262,Dave Bing*,1968-69,25,DET,NBA,77,,39.5,8.8,20.7,8.8,20.7,,,5.8,8.1,,,5.0,7.1,,,,3.3,23.4,.425,.425,,.425,.713,.482,3039
263,Dolph Schayes*,1960-61,32,SYR,NBA,79,,38.1,7.5,20.2,7.5,20.2,,,8.6,9.9,,,12.2,3.7,,,,3.7,23.6,.372,.372,,.372,.868,.482,3007
264,Fred Carter,1974-75,29,PHI,NBA,77,,39.6,9.3,20.8,9.3,20.8,,,3.3,4.5,0.9,3.5,4.4,4.4,1.1,0.3,,3.3,21.9,.447,.447,,.447,.738,.482,3046
265,Truck Robinson,1977-78,26,NOJ,NBA,82,,44.4,9.1,20.5,9.1,20.5,,,4.5,7.0,3.6,12.1,15.7,2.1,0.9,1.0,3.7,3.2,22.7,.444,.444,,.444,.640,.481,3638
266,Antoine Walker,1997-98,21,BOS,NBA,82,82,39.9,8.8,20.8,7.7,17.2,1.1,3.6,3.7,5.8,3.3,6.9,10.2,3.3,1.7,0.7,3.6,3.2,22.4,.423,.447,.312,.450,.645,.481,3268
267,Bob Love,1974-75,32,CHI,NBA,61,,39.4,8.8,20.6,8.8,20.6,,,4.3,5.2,1.6,4.7,6.3,1.7,1.0,0.2,,3.4,22.0,.429,.429,,.429,.830,.481,2401
268,Charlie Scott,1974-75,26,PHO,NBA,69,,37.6,10.2,23.1,10.2,23.1,,,4.0,5.1,1.0,2.9,4.0,4.5,1.6,0.3,,4.3,24.3,.441,.441,,.441,.781,.480,2592
269,Willie Naulls,1960-61,26,NYK,NBA,79,,37.7,9.3,21.8,9.3,21.8,,,4.7,5.8,,,13.4,2.4,,,,3.4,23.4,.428,.428,,.428,.816,.480,2976
270,Jack Twyman*,1958-59,24,CIN,NBA,72,,37.7,9.9,23.5,9.9,23.5,,,6.1,7.8,,,9.1,2.9,,,,3.8,25.8,.420,.420,,.420,.783,.479,2713
271,Bob Love,1972-73,30,CHI,NBA,82,,37.0,9.4,21.9,9.4,21.9,,,4.2,5.1,,,6.5,1.5,,,,2.9,23.1,.431,.431,,.431,.824,.479,3033
272,Jamal Mashburn,1995-96,23,DAL,NBA,18,18,37.2,8.1,21.3,6.1,15.6,1.9,5.7,5.4,7.4,2.1,3.3,5.4,2.8,0.8,0.2,3.1,2.2,23.4,.379,.391,.343,.424,.729,.478,669
273,Allen Iverson,2003-04,28,PHI,NBA,48,47,42.5,9.1,23.4,7.9,19.3,1.2,4.1,7.1,9.5,0.7,3.0,3.7,6.8,2.4,0.1,4.4,1.8,26.4,.387,.408,.286,.412,.745,.478,2040
274,Pete Maravich*,1978-79,31,NOJ,NBA,49,,37.2,8.9,21.1,8.9,21.1,,,4.8,5.7,0.7,1.8,2.5,5.0,1.2,0.4,4.1,2.1,22.6,.421,.421,,.421,.841,.478,1824
275,Kobe Bryant,2014-15,36,LAL,NBA,35,35,34.5,7.6,20.4,6.1,15.1,1.5,5.3,5.6,6.9,0.7,4.9,5.7,5.6,1.3,0.2,3.7,1.9,22.3,.373,.401,.293,.411,.813,.477,1207
276,Sidney Wicks,1971-72,22,POR,NBA,82,,39.6,9.6,22.4,9.6,22.4,,,5.4,7.6,,,11.5,4.3,,,,2.3,24.5,.427,.427,,.427,.710,.476,3245
277,Phil Chenier,1973-74,23,CAP,NBA,76,,38.7,9.2,21.1,9.2,21.1,,,3.6,4.4,1.5,3.6,5.1,3.1,2.0,0.9,,1.8,21.9,.434,.434,,.434,.820,.475,2942
278,Gail Goodrich*,1968-69,25,PHO,NBA,81,,40.0,8.9,21.6,8.9,21.6,,,6.1,8.2,,,5.4,6.4,,,,3.1,23.8,.411,.411,,.411,.747,.474,3236
279,Elvin Hayes*,1971-72,26,HOU,NBA,82,,42.2,10.1,23.4,10.1,23.4,,,4.9,7.5,,,14.6,3.3,,,,2.8,25.2,.434,.434,,.434,.649,.471,3461
280,Jo Jo White*,1971-72,25,BOS,NBA,79,,41.3,9.7,22.6,9.7,22.6,,,3.6,4.3,,,5.6,5.3,,,,2.9,23.1,.431,.431,,.431,.831,.471,3261
281,Elvin Hayes*,1973-74,28,CAP,NBA,81,,44.5,8.5,20.1,8.5,20.1,,,4.4,6.1,4.4,13.7,18.1,2.0,1.1,3.0,,3.1,21.4,.423,.423,,.423,.721,.470,3602
282,Willie Naulls,1961-62,27,NYK,NBA,75,,39.7,10.0,24.0,10.0,24.0,,,5.1,6.1,,,11.6,2.6,,,,3.5,25.0,.415,.415,,.415,.842,.470,2978
283,Elvin Hayes*,1970-71,25,SDR,NBA,82,,44.3,11.6,27.0,11.6,27.0,,,5.5,8.2,,,16.6,2.3,,,,2.7,28.7,.428,.428,,.428,.672,.468,3633
284,Michael Jordan*,2001-02,38,WAS,NBA,60,53,34.9,9.2,22.1,9.0,21.2,0.2,0.9,4.4,5.6,0.8,4.8,5.7,5.2,1.4,0.4,2.7,2.0,22.9,.416,.426,.189,.420,.790,.468,2093
285,Austin Carr,1971-72,23,CLE,NBA,43,,35.8,8.9,20.8,8.9,20.8,,,3.5,4.6,,,3.5,3.4,,,,2.3,21.2,.426,.426,,.426,.760,.465,1539
286,Bob Love,1973-74,31,CHI,NBA,82,,40.1,8.9,21.4,8.9,21.4,,,3.9,4.8,2.2,3.8,6.0,1.6,1.0,0.3,,2.7,21.8,.417,.417,,.417,.818,.463,3292
287,Fred Carter,1973-74,28,PHI,NBA,78,,39.0,9.1,21.0,9.1,21.0,,,3.3,4.6,1.1,3.7,4.8,5.7,1.4,0.3,,3.5,21.4,.430,.430,,.430,.709,.463,3044
288,Tom Heinsohn*,1959-60,25,BOS,NBA,75,,32.3,9.0,21.2,9.0,21.2,,,3.8,5.1,,,10.6,2.3,,,,3.7,21.7,.423,.423,,.423,.733,.463,2420
289,Elgin Baylor*,1964-65,30,LAL,NBA,74,,41.3,10.3,25.7,10.3,25.7,,,6.5,8.2,,,12.8,3.8,,,,3.2,27.1,.401,.401,,.401,.792,.463,3056
290,John Havlicek*,1968-69,28,BOS,NBA,82,,38.7,8.4,20.8,8.4,20.8,,,4.7,6.0,,,7.0,5.4,,,,3.0,21.6,.405,.405,,.405,.780,.459,3174
291,George Mikan*,1951-52,27,MNL,NBA,64,,40.2,8.5,22.1,8.5,22.1,,,6.8,8.7,,,13.5,3.0,,,,4.5,23.8,.385,.385,,.385,.780,.459,2572
292,Jamal Mashburn,2003-04,31,NOH,NBA,19,18,38.4,8.2,20.9,7.2,17.4,1.0,3.5,3.4,4.2,1.0,5.2,6.2,2.5,0.7,0.3,1.9,2.2,20.8,.392,.414,.284,.416,.813,.457,730
293,Jo Jo White*,1972-73,26,BOS,NBA,82,,39.6,8.7,20.3,8.7,20.3,,,2.2,2.8,,,5.0,6.1,,,,2.3,19.7,.431,.431,,.431,.781,.457,3250
294,Tom Heinsohn*,1960-61,26,BOS,NBA,74,,30.5,8.5,21.2,8.5,21.2,,,4.4,5.7,,,9.9,1.9,,,,3.5,21.3,.400,.400,,.400,.767,.450,2256
295,Bob Cousy*,1951-52,23,BOS,NBA,66,,40.6,7.8,21.0,7.8,21.0,,,6.2,7.7,,,6.4,6.7,,,,2.9,21.7,.369,.369,,.369,.808,.445,2681
