Rk,Player,Season,Age,Tm,Lg,G,GS,MP,FG,FGA,2P,2PA,3P,3PA,FT,FTA,ORB,DRB,TRB,AST,STL,BLK,TOV,PF,PTS,FG%,2P%,3P%,eFG%,FT%,TS%,PER,FGA,MP
1,Stephen Curry,2015-16,27,GSW,NBA,73,73,34.1,10.1,20.1,5.1,9.0,5.1,11.1,4.7,5.2,0.9,4.5,5.4,6.5,2.2,0.2,3.3,2.0,30.0,.504,.565,.456,.630,.902,.671,31.4,1465,2487
2,Charles Barkley*,1987-88,24,PHI,NBA,80,80,39.6,9.4,16.0,8.9,14.1,0.6,2.0,8.9,11.9,4.8,7.1,11.9,3.2,1.3,1.3,3.8,3.5,28.3,.587,.630,.280,.604,.751,.665,27.6,1283,3170
3,Charles Barkley*,1989-90,26,PHI,NBA,79,79,39.1,8.9,14.9,8.7,13.7,0.3,1.2,7.1,9.4,4.6,6.9,11.5,3.9,1.9,0.6,3.1,3.2,25.2,.600,.632,.217,.608,.749,.661,27.1,1177,3085
4,Charles Barkley*,1986-87,23,PHI,NBA,68,62,40.3,8.2,13.8,7.9,12.3,0.3,1.5,6.3,8.3,5.7,8.9,14.6,4.9,1.8,1.5,4.7,3.7,23.0,.594,.643,.202,.606,.761,.660,25.1,937,2740
5,Amar'e Stoudemire,2007-08,25,PHO,NBA,79,79,33.9,9.0,15.3,9.0,14.9,0.1,0.4,7.0,8.7,2.3,6.8,9.1,1.5,0.8,2.1,2.2,3.7,25.2,.590,.601,.161,.592,.805,.656,27.6,1211,2677
6,Kevin McHale*,1986-87,29,BOS,NBA,77,77,39.7,10.3,17.0,10.3,16.9,0.0,0.1,5.6,6.6,3.2,6.7,9.9,2.6,0.5,2.2,2.6,3.1,26.1,.604,.606,.000,.604,.836,.655,24.0,1307,3060
7,Steve Nash,2006-07,32,PHO,NBA,76,76,35.3,6.8,12.8,4.8,8.3,2.1,4.5,2.9,3.3,0.4,3.1,3.5,11.6,0.8,0.1,3.8,1.5,18.6,.532,.575,.455,.613,.899,.654,23.8,971,2682
8,Charles Barkley*,1988-89,25,PHI,NBA,79,79,39.1,8.9,15.3,8.4,13.2,0.4,2.1,7.6,10.1,5.1,7.4,12.5,4.1,1.6,0.8,3.2,3.3,25.8,.579,.636,.216,.594,.753,.653,27.0,1208,3088
9,Adrian Dantley*,1983-84,27,UTA,NBA,79,79,37.8,10.2,18.2,10.1,18.2,0.0,0.1,10.3,12.0,2.3,3.4,5.7,3.9,0.8,0.1,3.3,2.5,30.6,.558,.559,.250,.558,.859,.652,24.6,1438,2984
10,John Stockton*,1994-95,32,UTA,NBA,82,82,35.0,5.2,9.6,4.0,6.9,1.2,2.8,3.0,3.7,0.7,2.4,3.1,12.3,2.4,0.3,3.3,2.6,14.7,.542,.580,.449,.607,.804,.651,23.3,791,2867
11,LeBron James,2013-14,29,MIA,NBA,77,77,37.7,10.0,17.6,8.5,13.6,1.5,4.0,5.7,7.6,1.1,5.9,6.9,6.3,1.6,0.3,3.5,1.6,27.1,.567,.622,.379,.610,.750,.649,29.3,1353,2902
12,Kevin Durant,2012-13,24,OKC,NBA,81,81,38.5,9.0,17.7,7.3,13.6,1.7,4.1,8.4,9.3,0.6,7.3,7.9,4.6,1.4,1.3,3.5,1.8,28.1,.510,.539,.416,.559,.905,.647,28.3,1433,3119
13,John Stockton*,1987-88,25,UTA,NBA,82,79,34.7,5.5,9.6,5.2,8.8,0.3,0.8,3.3,4.0,0.7,2.2,2.9,13.8,3.0,0.2,3.2,3.0,14.7,.574,.594,.358,.589,.840,.645,23.2,791,2842
14,LeBron James,2012-13,28,MIA,NBA,76,76,37.9,10.1,17.8,8.7,14.5,1.4,3.3,5.3,7.0,1.3,6.8,8.0,7.3,1.7,0.9,3.0,1.4,26.8,.565,.602,.406,.603,.753,.640,31.6,1354,2877
15,Kareem Abdul-Jabbar*,1979-80,32,LAL,NBA,82,,38.3,10.2,16.9,10.2,16.9,0.0,0.0,4.4,5.8,2.3,8.5,10.8,4.5,1.0,3.4,3.6,2.6,24.8,.604,.604,.000,.604,.765,.639,25.3,1383,3143
16,Stephen Curry,2014-15,26,GSW,NBA,80,80,32.7,8.2,16.8,4.6,8.7,3.6,8.1,3.9,4.2,0.7,3.6,4.3,7.7,2.0,0.2,3.1,2.0,23.8,.487,.528,.443,.594,.914,.638,28.0,1341,2613
17,Magic Johnson*,1984-85,25,LAL,NBA,77,77,36.1,6.5,11.7,6.5,11.2,0.1,0.5,5.1,6.0,1.2,5.0,6.2,12.6,1.5,0.3,4.0,2.0,18.3,.561,.577,.189,.565,.843,.637,23.2,899,2781
18,Amar'e Stoudemire,2006-07,24,PHO,NBA,82,78,32.8,7.4,12.9,7.4,12.8,0.0,0.0,5.6,7.1,2.7,6.9,9.6,1.0,1.0,1.3,2.8,3.6,20.4,.575,.577,.000,.575,.781,.637,23.1,1055,2689
19,Hassan Whiteside,2015-16,26,MIA,NBA,66,40,29.1,5.7,9.2,5.7,9.2,0.0,0.0,2.7,4.2,3.2,8.6,11.8,0.4,0.6,3.7,1.9,2.7,14.0,.618,.618,,.618,.638,.636,25.4,604,1922
20,Adrian Dantley*,1979-80,23,UTA,NBA,68,,39.3,10.7,18.6,10.7,18.6,0.0,0.0,6.5,7.7,2.7,4.9,7.6,2.8,1.4,0.2,3.4,3.1,28.0,.576,.577,.000,.576,.842,.635,24.3,1267,2674
21,Kevin Durant,2013-14,25,OKC,NBA,81,81,38.5,10.5,20.8,8.1,14.8,2.4,6.1,8.7,9.9,0.7,6.7,7.4,5.5,1.3,0.7,3.5,2.1,32.0,.503,.549,.391,.560,.873,.635,29.8,1688,3122
22,Charles Barkley*,1990-91,27,PHI,NBA,67,67,37.3,9.9,17.4,9.3,15.1,0.7,2.3,7.1,9.8,3.9,6.3,10.1,4.2,1.6,0.5,3.1,2.6,27.6,.570,.614,.284,.589,.722,.635,28.9,1167,2498
23,Kevin Durant,2015-16,27,OKC,NBA,68,68,35.9,9.7,19.1,7.2,12.6,2.5,6.5,6.2,6.9,0.6,7.7,8.3,5.0,0.9,1.2,3.5,1.9,28.0,.507,.569,.385,.572,.893,.633,28.1,1298,2444
24,Steve Nash,2005-06,31,PHO,NBA,79,79,35.4,6.8,13.4,4.9,9.0,1.9,4.3,3.3,3.5,0.6,3.6,4.2,10.5,0.8,0.2,3.5,1.5,18.8,.512,.548,.439,.583,.921,.632,23.3,1056,2796
25,Adrian Dantley*,1981-82,25,UTA,NBA,81,81,39.8,11.2,19.6,11.1,19.5,0.0,0.0,8.0,10.1,2.9,3.5,6.3,4.0,1.2,0.2,3.7,3.1,30.3,.570,.570,.333,.570,.792,.631,24.2,1586,3222
26,Dwight Howard,2009-10,24,ORL,NBA,82,82,34.7,6.2,10.2,6.2,10.1,0.0,0.1,5.9,10.0,3.5,9.7,13.2,1.8,0.9,2.8,3.3,3.5,18.3,.612,.617,.000,.612,.592,.630,24.0,834,2843
27,Brad Daugherty,1991-92,26,CLE,NBA,73,73,36.2,7.9,13.8,7.9,13.8,0.0,0.0,5.7,7.3,2.6,7.8,10.4,3.6,0.9,1.1,2.5,2.6,21.5,.570,.571,.000,.570,.777,.629,23.0,1010,2643
28,Adrian Dantley*,1985-86,29,UTA,NBA,76,75,36.1,10.8,19.1,10.8,19.0,0.0,0.1,8.3,10.5,2.3,2.9,5.2,3.5,0.8,0.1,3.0,2.7,29.8,.563,.567,.091,.563,.791,.629,24.6,1453,2744
29,Karl Malone*,1989-90,26,UTA,NBA,82,82,38.1,11.1,19.8,11.0,19.3,0.2,0.5,8.5,11.1,2.8,8.3,11.1,2.8,1.5,0.6,3.7,3.2,31.0,.562,.567,.372,.567,.762,.626,27.2,1627,3122
30,Magic Johnson*,1988-89,29,LAL,NBA,77,77,37.5,7.5,14.8,6.8,12.3,0.8,2.4,6.7,7.3,1.4,6.4,7.9,12.8,1.8,0.3,4.1,2.2,22.5,.509,.548,.314,.535,.911,.625,26.9,1137,2886
31,Magic Johnson*,1990-91,31,LAL,NBA,79,79,37.1,5.9,12.4,4.9,9.2,1.0,3.2,6.6,7.3,1.3,5.6,7.0,12.5,1.3,0.2,4.0,1.9,19.4,.477,.532,.320,.518,.906,.623,25.1,976,2933
32,Enes Kanter,2015-16,23,OKC,NBA,76,0,20.7,4.9,8.6,4.8,8.4,0.1,0.2,2.4,3.0,2.9,5.0,7.9,0.4,0.3,0.4,1.4,2.0,12.4,.573,.577,.438,.579,.800,.623,23.9,654,1571
33,Magic Johnson*,1989-90,30,LAL,NBA,79,79,37.2,6.9,14.4,5.6,10.9,1.3,3.5,7.2,8.1,1.6,5.0,6.6,11.5,1.7,0.4,3.7,2.1,22.3,.480,.510,.384,.526,.890,.622,26.6,1138,2937
34,Adrian Dantley*,1980-81,24,UTA,NBA,80,,42.7,11.4,20.3,11.3,20.3,0.0,0.1,7.9,9.8,2.4,4.0,6.4,4.0,1.4,0.2,3.5,3.1,30.7,.559,.560,.286,.559,.806,.622,24.3,1627,3417
35,Chauncey Billups,2007-08,31,DET,NBA,78,78,32.3,5.0,11.2,3.3,6.9,1.8,4.4,5.1,5.6,0.5,2.2,2.7,6.8,1.3,0.2,2.1,1.7,17.0,.448,.479,.401,.526,.918,.619,23.6,877,2522
36,Kawhi Leonard,2015-16,24,SAS,NBA,67,67,32.7,7.6,15.0,5.8,11.0,1.9,4.0,3.8,4.3,1.3,5.6,6.8,2.5,1.8,0.9,1.4,1.8,20.9,.508,.527,.458,.570,.883,.619,26.1,1005,2189
37,Kareem Abdul-Jabbar*,1982-83,35,LAL,NBA,79,79,32.3,9.1,15.5,9.1,15.5,0.0,0.0,3.5,4.7,2.1,5.4,7.5,2.5,0.8,2.2,2.5,2.8,21.8,.588,.589,.000,.588,.749,.619,23.6,1228,2554
38,James Harden,2013-14,24,HOU,NBA,73,73,38.0,7.5,16.5,5.1,9.9,2.4,6.6,7.9,9.1,0.8,3.9,4.7,6.1,1.6,0.4,3.6,2.4,25.4,.456,.515,.366,.529,.866,.618,23.5,1205,2777
39,Kiki Vandeweghe,1983-84,25,DEN,NBA,78,71,35.1,11.5,20.6,11.3,20.2,0.1,0.4,6.3,7.4,1.1,3.7,4.8,3.1,0.7,0.6,2.0,2.4,29.4,.558,.562,.367,.562,.852,.618,23.6,1603,2734
40,Arvydas Sabonis*,1995-96,31,POR,NBA,73,21,23.8,5.4,9.9,4.9,8.5,0.5,1.4,3.2,4.2,2.0,6.0,8.1,1.8,0.9,1.1,2.1,2.9,14.5,.545,.574,.375,.572,.757,.617,24.7,723,1735
41,Amar'e Stoudemire,2004-05,22,PHO,NBA,80,80,36.1,9.3,16.7,9.3,16.5,0.0,0.2,7.3,9.9,2.7,6.2,8.9,1.6,1.0,1.6,2.4,3.5,26.0,.559,.564,.188,.560,.733,.617,26.6,1336,2889
42,Dwight Howard,2010-11,25,ORL,NBA,78,78,37.6,7.9,13.4,7.9,13.3,0.0,0.1,7.0,11.7,4.0,10.1,14.1,1.4,1.4,2.4,3.6,3.3,22.9,.593,.597,.000,.593,.596,.616,26.1,1044,2935
43,Kareem Abdul-Jabbar*,1980-81,33,LAL,NBA,80,,37.2,10.5,18.2,10.5,18.2,0.0,0.0,5.3,6.9,2.5,7.8,10.3,3.4,0.7,2.9,3.1,3.1,26.2,.574,.574,.000,.574,.766,.616,25.5,1457,2976
44,David Robinson*,1990-91,25,SAS,NBA,82,81,37.7,9.2,16.7,9.2,16.6,0.0,0.1,7.2,9.5,4.1,8.9,13.0,2.5,1.5,3.9,3.3,3.2,25.6,.552,.554,.143,.552,.762,.615,27.4,1366,3095
45,Michael Jordan*,1988-89,25,CHI,NBA,81,81,40.2,11.9,22.2,11.6,21.0,0.3,1.2,8.3,9.8,1.8,6.2,8.0,8.0,2.9,0.8,3.6,3.0,32.5,.538,.553,.276,.546,.850,.614,31.1,1795,3255
46,Yao Ming,2004-05,24,HOU,NBA,80,80,30.6,6.7,12.2,6.7,12.2,0.0,0.0,4.9,6.2,2.6,5.8,8.4,0.8,0.4,2.0,2.5,3.7,18.3,.552,.552,,.552,.783,.614,23.2,975,2447
47,Karl Malone*,1992-93,29,UTA,NBA,82,82,37.8,9.7,17.6,9.7,17.4,0.0,0.2,7.5,10.2,2.8,8.4,11.2,3.8,1.5,1.0,2.9,3.2,27.0,.552,.557,.200,.554,.740,.612,26.2,1443,3099
48,Charles Barkley*,1991-92,28,PHI,NBA,75,75,38.4,8.3,15.0,7.9,13.2,0.4,1.8,6.1,8.7,3.6,7.5,11.1,4.1,1.8,0.6,3.1,2.6,23.1,.552,.597,.234,.567,.695,.612,24.5,1126,2881
49,Manu Ginobili,2007-08,30,SAS,NBA,74,23,31.1,6.1,13.3,4.0,8.0,2.1,5.3,5.1,6.0,0.9,3.9,4.8,4.5,1.5,0.4,2.7,2.3,19.5,.460,.499,.401,.540,.860,.612,24.3,984,2299
50,Dirk Nowitzki,2010-11,32,DAL,NBA,73,73,34.3,8.4,16.2,7.5,13.8,0.9,2.3,5.4,6.1,0.7,6.3,7.0,2.6,0.5,0.6,1.9,2.4,23.0,.517,.538,.393,.545,.892,.612,23.4,1179,2504
51,Larry Bird*,1986-87,30,BOS,NBA,74,73,40.6,10.6,20.2,9.4,17.2,1.2,3.0,5.6,6.1,1.7,7.5,9.2,7.6,1.8,0.9,3.2,2.5,28.1,.525,.547,.400,.555,.910,.612,26.4,1497,3005
52,Magic Johnson*,1985-86,26,LAL,NBA,72,70,35.8,6.7,12.8,6.6,12.2,0.1,0.6,5.3,6.0,1.2,4.7,5.9,12.6,1.6,0.2,3.8,1.8,18.8,.526,.541,.233,.532,.871,.610,24.0,918,2578
53,Stephen Curry,2013-14,25,GSW,NBA,78,78,36.5,8.4,17.7,5.0,9.8,3.3,7.9,3.9,4.5,0.6,3.7,4.3,8.5,1.6,0.2,3.8,2.5,24.0,.471,.509,.424,.566,.885,.610,24.1,1383,2846
54,Kevin Durant,2011-12,23,OKC,NBA,66,66,38.6,9.7,19.7,7.7,14.4,2.0,5.2,6.5,7.6,0.6,7.4,8.0,3.5,1.3,1.2,3.8,2.0,28.0,.496,.535,.387,.547,.860,.610,26.2,1297,2546
55,Manu Ginobili,2006-07,29,SAS,NBA,75,36,27.5,5.3,11.4,3.6,7.1,1.7,4.3,4.3,5.0,0.8,3.6,4.4,3.5,1.5,0.4,2.1,2.1,16.5,.464,.505,.396,.539,.860,.609,24.1,854,2060
56,Larry Bird*,1987-88,31,BOS,NBA,76,75,39.0,11.6,22.0,10.3,18.9,1.3,3.1,5.5,6.0,1.4,7.8,9.3,6.1,1.6,0.8,2.8,2.1,29.9,.527,.546,.414,.556,.916,.608,27.8,1672,2965
57,Kareem Abdul-Jabbar*,1981-82,34,LAL,NBA,76,76,35.2,9.9,17.1,9.9,17.1,0.0,0.0,4.1,5.8,2.3,6.4,8.7,3.0,0.8,2.7,3.0,2.9,23.9,.579,.580,.000,.579,.706,.608,23.4,1301,2677
58,Dan Issel*,1981-82,33,DEN,NBA,81,81,30.5,8.0,15.3,8.0,15.2,0.0,0.1,6.7,8.1,2.1,5.4,7.5,2.2,0.8,0.7,2.1,3.0,22.9,.527,.526,.667,.528,.834,.608,23.1,1236,2472
59,John Stockton*,1989-90,27,UTA,NBA,78,78,37.4,6.1,11.8,5.4,10.3,0.6,1.4,4.5,5.5,0.7,1.9,2.6,14.5,2.7,0.2,3.5,3.0,17.2,.514,.528,.416,.540,.819,.607,23.9,918,2915
60,Kevin Durant,2009-10,21,OKC,NBA,82,82,39.5,9.7,20.3,8.1,16.1,1.6,4.3,9.2,10.2,1.3,6.3,7.6,2.8,1.4,1.0,3.3,2.1,30.1,.476,.506,.365,.514,.900,.607,26.2,1668,3239
61,Michael Jordan*,1989-90,26,CHI,NBA,82,82,39.0,12.6,24.0,11.5,21.0,1.1,3.0,7.2,8.5,1.7,5.1,6.9,6.3,2.8,0.7,3.0,2.9,33.6,.526,.548,.376,.550,.848,.606,31.2,1964,3197
62,Anfernee Hardaway,1995-96,24,ORL,NBA,82,82,36.8,7.6,14.8,6.5,11.4,1.1,3.5,5.4,7.1,1.6,2.7,4.3,7.1,2.0,0.5,2.8,2.0,21.7,.513,.573,.314,.549,.767,.605,24.6,1215,3015
63,Michael Jordan*,1990-91,27,CHI,NBA,82,82,37.0,12.1,22.4,11.7,21.3,0.4,1.1,7.0,8.2,1.4,4.6,6.0,5.5,2.7,1.0,2.5,2.8,31.5,.539,.551,.312,.547,.851,.605,31.6,1837,3034
64,Dirk Nowitzki,2006-07,28,DAL,NBA,78,78,36.2,8.6,17.2,7.7,15.0,0.9,2.2,6.4,7.1,1.6,7.3,8.9,3.4,0.7,0.8,2.1,2.2,24.6,.502,.515,.416,.529,.904,.605,27.6,1341,2820
65,James Harden,2014-15,25,HOU,NBA,81,81,36.8,8.0,18.1,5.4,11.3,2.6,6.9,8.8,10.2,0.9,4.7,5.7,7.0,1.9,0.7,4.0,2.6,27.4,.440,.480,.375,.511,.868,.605,26.7,1470,2981
66,Shaquille O'Neal,1993-94,21,ORL,NBA,81,81,39.8,11.8,19.6,11.8,19.6,0.0,0.0,5.8,10.5,4.7,8.5,13.2,2.4,0.9,2.9,2.7,3.5,29.3,.599,.600,.000,.599,.554,.605,28.5,1591,3224
67,LeBron James,2009-10,25,CLE,NBA,76,76,39.0,10.1,20.1,8.4,15.0,1.7,5.1,7.8,10.2,0.9,6.4,7.3,8.6,1.6,1.0,3.4,1.6,29.7,.503,.560,.333,.545,.767,.604,31.1,1528,2966
68,John Stockton*,1990-91,28,UTA,NBA,82,82,37.8,6.0,11.9,5.3,9.9,0.7,2.0,4.4,5.3,0.6,2.3,2.9,14.2,2.9,0.2,3.6,2.8,17.2,.507,.541,.345,.537,.836,.604,23.4,978,3103
69,Kevin Johnson,1990-91,24,PHO,NBA,77,76,36.0,7.7,14.9,7.6,14.3,0.1,0.6,6.7,8.0,0.7,2.8,3.5,10.1,2.1,0.1,3.5,2.3,22.2,.516,.529,.205,.520,.843,.604,23.7,1145,2772
70,Michael Jordan*,1987-88,24,CHI,NBA,82,82,40.4,13.0,24.4,13.0,23.7,0.1,0.6,8.8,10.5,1.7,3.8,5.5,5.9,3.2,1.6,3.1,3.3,35.0,.535,.546,.132,.537,.841,.603,31.7,1998,3311
71,Dirk Nowitzki,2013-14,35,DAL,NBA,80,80,32.9,7.9,15.9,6.3,11.8,1.6,4.1,4.2,4.7,0.5,5.7,6.2,2.7,0.9,0.6,1.5,2.1,21.7,.497,.532,.398,.549,.899,.603,23.6,1273,2628
72,Chauncey Billups,2005-06,29,DET,NBA,81,81,36.1,5.2,12.5,3.0,7.2,2.3,5.2,5.7,6.4,0.5,2.6,3.1,8.6,0.9,0.1,2.1,2.0,18.5,.418,.407,.433,.509,.894,.602,23.4,1012,2925
73,Magic Johnson*,1986-87,27,LAL,NBA,80,80,36.3,8.5,16.4,8.4,15.9,0.1,0.5,6.7,7.9,1.5,4.8,6.3,12.2,1.7,0.5,3.8,2.1,23.9,.522,.532,.205,.525,.848,.602,27.0,1308,2904
74,David Robinson*,1994-95,29,SAS,NBA,81,81,38.0,9.7,18.4,9.7,18.1,0.1,0.2,8.1,10.5,2.9,7.9,10.8,2.9,1.7,3.2,2.9,2.8,27.6,.530,.533,.300,.532,.774,.602,29.1,1487,3074
75,Shaquille O'Neal,2002-03,30,LAL,NBA,67,66,37.8,10.4,18.1,10.4,18.1,0.0,0.0,6.7,10.8,3.9,7.2,11.1,3.1,0.6,2.4,2.9,3.4,27.5,.574,.574,,.574,.622,.602,29.5,1211,2535
76,Dwight Howard,2008-09,23,ORL,NBA,79,79,35.7,7.1,12.4,7.1,12.4,0.0,0.0,6.4,10.7,4.3,9.6,13.8,1.4,1.0,2.9,3.0,3.4,20.6,.572,.573,.000,.572,.594,.600,25.4,979,2821
77,Karl Malone*,1996-97,33,UTA,NBA,82,82,36.6,10.5,19.2,10.5,19.0,0.0,0.2,6.4,8.4,2.4,7.5,9.9,4.5,1.4,0.6,2.8,2.6,27.4,.550,.555,.000,.550,.755,.600,28.9,1571,2998
78,Chris Paul,2008-09,23,NOH,NBA,78,78,38.5,8.1,16.1,7.3,13.8,0.8,2.3,5.8,6.7,0.9,4.7,5.5,11.0,2.8,0.1,3.0,2.7,22.8,.503,.525,.364,.528,.868,.599,30.0,1255,3002
79,Patrick Ewing*,1989-90,27,NYK,NBA,82,82,38.6,11.2,20.4,11.2,20.4,0.0,0.0,6.1,7.9,2.9,8.0,10.9,2.2,1.0,4.0,3.4,4.0,28.6,.551,.552,.250,.551,.775,.599,25.8,1673,3165
80,Karl Malone*,1991-92,28,UTA,NBA,81,81,37.7,9.9,18.7,9.8,18.5,0.0,0.2,8.3,10.7,2.8,8.4,11.2,3.0,1.3,0.6,3.1,2.8,28.0,.526,.530,.176,.527,.778,.599,25.4,1516,3054
81,Dirk Nowitzki,2001-02,23,DAL,NBA,76,76,38.0,7.9,16.6,6.1,11.9,1.8,4.6,5.8,6.8,1.6,8.4,9.9,2.4,1.1,1.0,1.9,2.9,23.4,.477,.508,.397,.532,.853,.599,24.1,1258,2891
82,David Robinson*,1989-90,24,SAS,NBA,82,81,36.6,8.4,15.9,8.4,15.8,0.0,0.0,7.5,10.2,3.7,8.3,12.0,2.0,1.7,3.9,3.1,3.2,24.3,.531,.532,.000,.531,.732,.597,26.3,1300,3002
83,David Robinson*,1991-92,26,SAS,NBA,68,68,37.7,8.7,15.8,8.7,15.7,0.0,0.1,5.8,8.3,3.8,8.4,12.2,2.7,2.3,4.5,2.7,3.2,23.2,.551,.554,.125,.552,.701,.597,27.5,1074,2564
84,Karl Malone*,1997-98,34,UTA,NBA,81,81,37.4,9.6,18.2,9.6,18.1,0.0,0.1,7.8,10.2,2.3,8.0,10.3,3.9,1.2,0.9,3.0,2.9,27.0,.530,.531,.333,.531,.761,.597,27.9,1472,3030
85,Alonzo Mourning*,1999-00,29,MIA,NBA,79,78,34.8,8.3,15.0,8.3,14.9,0.0,0.1,5.2,7.4,2.7,6.8,9.5,1.6,0.5,3.7,2.7,3.9,21.7,.551,.553,.000,.551,.711,.596,25.8,1184,2748
86,Chris Paul,2014-15,29,LAC,NBA,82,82,34.8,6.9,14.3,5.2,10.0,1.7,4.3,3.5,3.9,0.6,4.0,4.6,10.2,1.9,0.2,2.3,2.5,19.1,.485,.523,.398,.545,.900,.596,26.0,1170,2857
87,Karl Malone*,1990-91,27,UTA,NBA,82,82,40.3,10.3,19.6,10.3,19.4,0.0,0.2,8.3,10.8,2.9,8.9,11.8,3.3,1.1,1.0,3.0,3.3,29.0,.527,.529,.286,.528,.770,.596,24.8,1608,3302
88,Charles Barkley*,1992-93,29,PHO,NBA,76,76,37.6,9.4,18.1,8.5,15.2,0.9,2.9,5.9,7.7,3.1,9.1,12.2,5.1,1.6,1.0,3.1,2.6,25.6,.520,.561,.305,.545,.765,.596,25.9,1376,2859
89,James Harden,2015-16,26,HOU,NBA,76,76,38.0,8.4,19.4,5.7,11.6,2.7,7.9,8.9,10.3,0.8,5.6,6.3,7.5,1.7,0.6,4.6,2.8,28.5,.434,.495,.344,.504,.864,.594,25.0,1477,2891
90,LeBron James,2010-11,26,MIA,NBA,79,79,38.8,9.6,18.8,8.4,15.3,1.2,3.5,6.4,8.4,1.0,6.5,7.5,7.0,1.6,0.6,3.6,2.1,26.7,.510,.552,.330,.541,.759,.594,27.3,1485,3063
91,Chris Paul,2012-13,27,LAC,NBA,70,70,33.4,5.9,12.2,4.8,8.9,1.1,3.3,4.1,4.6,0.8,3.0,3.7,9.7,2.4,0.1,2.3,2.0,16.9,.481,.538,.328,.526,.885,.594,26.4,856,2335
92,Julius Erving*,1981-82,31,PHI,NBA,81,81,34.4,9.6,17.6,9.6,17.5,0.0,0.1,5.1,6.7,2.7,4.2,6.9,3.9,2.0,1.7,2.6,2.8,24.4,.546,.548,.273,.547,.763,.593,25.9,1428,2789
93,Kevin Love,2010-11,22,MIN,NBA,73,73,35.8,6.6,14.1,5.4,11.2,1.2,2.9,5.8,6.8,4.5,10.7,15.2,2.5,0.6,0.4,2.1,2.0,20.2,.470,.483,.417,.513,.850,.593,24.3,1026,2611
94,Karl Malone*,1988-89,25,UTA,NBA,80,80,39.1,10.1,19.5,10.1,19.3,0.1,0.2,8.8,11.5,3.2,7.4,10.7,2.7,1.8,0.9,3.6,3.6,29.1,.519,.521,.313,.521,.766,.592,24.4,1559,3126
95,Michael Jordan*,1984-85,21,CHI,NBA,82,82,38.3,10.2,19.8,10.1,19.2,0.1,0.6,7.7,9.1,2.0,4.5,6.5,5.9,2.4,0.8,3.5,3.5,28.2,.515,.526,.173,.518,.845,.592,25.8,1625,3144
96,Chris Bosh,2009-10,25,TOR,NBA,70,70,36.1,8.6,16.5,8.5,16.2,0.1,0.3,6.7,8.4,2.9,7.9,10.8,2.4,0.6,1.0,2.4,2.4,24.0,.518,.521,.364,.522,.797,.592,25.0,1158,2526
97,LeBron James,2008-09,24,CLE,NBA,81,81,37.7,9.7,19.9,8.1,15.2,1.6,4.7,7.3,9.4,1.3,6.3,7.6,7.2,1.7,1.1,3.0,1.7,28.4,.489,.535,.344,.530,.780,.591,31.7,1613,3054
98,Kevin Love,2013-14,25,MIN,NBA,77,77,36.3,8.4,18.5,6.0,11.9,2.5,6.6,6.8,8.2,2.9,9.6,12.5,4.4,0.8,0.5,2.5,1.8,26.1,.457,.502,.376,.524,.821,.591,26.9,1421,2797
99,Shawn Marion,2005-06,27,PHO,NBA,81,81,40.3,8.8,16.9,7.7,13.3,1.2,3.6,3.0,3.7,3.1,8.8,11.8,1.8,2.0,1.7,1.5,2.8,21.8,.525,.577,.331,.560,.809,.591,23.6,1365,3263
100,Anthony Davis,2014-15,21,NOP,NBA,68,68,36.1,9.4,17.6,9.4,17.5,0.0,0.2,5.5,6.8,2.5,7.7,10.2,2.2,1.5,2.9,1.4,2.1,24.4,.535,.540,.083,.536,.805,.591,30.8,1199,2455
101,Karl Malone*,1994-95,31,UTA,NBA,82,82,38.1,10.1,18.9,10.0,18.4,0.1,0.5,6.3,8.5,1.9,8.7,10.6,3.5,1.6,1.0,2.9,3.3,26.7,.536,.543,.268,.540,.742,.590,25.1,1548,3126
102,Shaquille O'Neal,2001-02,29,LAL,NBA,67,66,36.1,10.6,18.3,10.6,18.3,0.0,0.0,5.9,10.7,3.5,7.2,10.7,3.0,0.6,2.0,2.6,3.0,27.2,.579,.580,.000,.579,.555,.590,29.7,1229,2422
103,David Robinson*,1995-96,30,SAS,NBA,82,82,36.8,8.7,16.8,8.6,16.7,0.0,0.1,7.6,10.0,3.9,8.3,12.2,3.0,1.4,3.3,2.3,3.2,25.0,.516,.517,.333,.517,.761,.589,29.4,1378,3019
104,Kevin Durant,2010-11,22,OKC,NBA,78,78,38.9,9.1,19.7,7.3,14.4,1.9,5.3,7.6,8.7,0.7,6.1,6.8,2.7,1.1,1.0,2.8,2.0,27.7,.462,.504,.350,.509,.880,.589,23.6,1538,3038
105,Kevin Garnett,2005-06,29,MIN,NBA,76,76,38.9,8.2,15.7,8.1,15.3,0.1,0.4,5.2,6.4,2.8,9.9,12.7,4.1,1.4,1.4,2.4,2.7,21.8,.526,.532,.267,.529,.810,.589,26.8,1191,2957
106,Dirk Nowitzki,2005-06,27,DAL,NBA,81,81,38.1,9.3,19.3,7.9,16.0,1.4,3.3,6.7,7.4,1.4,7.6,9.0,2.8,0.7,1.0,1.9,2.0,26.6,.480,.496,.406,.515,.901,.589,28.1,1564,3089
107,Pau Gasol,2010-11,30,LAL,NBA,82,82,37.0,7.2,13.7,7.2,13.6,0.0,0.0,4.3,5.2,3.3,6.9,10.2,3.3,0.6,1.6,1.7,2.5,18.8,.529,.530,.333,.530,.823,.589,23.3,1120,3037
108,Tony Parker,2012-13,30,SAS,NBA,66,66,32.9,7.9,15.1,7.5,14.0,0.4,1.0,4.2,5.0,0.3,2.7,3.0,7.6,0.8,0.1,2.6,1.4,20.3,.522,.534,.353,.534,.845,.588,23.0,995,2174
109,Carlos Boozer,2006-07,25,UTA,NBA,74,74,34.6,8.7,15.6,8.7,15.6,0.0,0.0,3.4,5.0,3.2,8.5,11.7,3.0,0.9,0.3,2.6,2.9,20.9,.561,.561,,.561,.685,.588,24.1,1154,2557
110,Chris Bosh,2007-08,23,TOR,NBA,67,67,36.2,7.6,15.3,7.4,15.0,0.1,0.4,7.0,8.3,2.6,6.1,8.7,2.6,0.9,1.0,2.3,2.3,22.3,.494,.496,.400,.499,.844,.588,23.8,1027,2425
111,Shaquille O'Neal,1994-95,22,ORL,NBA,79,79,37.0,11.8,20.2,11.8,20.1,0.0,0.1,5.8,10.8,4.2,7.3,11.4,2.7,0.9,2.4,2.6,3.3,29.3,.583,.585,.000,.583,.533,.588,28.6,1594,2923
112,Kevin Garnett,2007-08,31,BOS,NBA,71,71,32.8,7.5,13.9,7.5,13.8,0.0,0.2,3.8,4.7,1.9,7.3,9.2,3.4,1.4,1.3,1.9,2.3,18.8,.539,.545,.000,.539,.801,.588,25.3,990,2328
113,George Gervin*,1979-80,27,SAS,NBA,78,,37.6,13.1,24.9,12.7,23.6,0.4,1.3,6.5,7.6,2.0,3.2,5.2,2.6,1.4,1.0,3.3,2.7,33.1,.528,.540,.314,.536,.852,.587,24.0,1940,2934
114,Elton Brand,2001-02,22,LAC,NBA,80,80,37.8,6.7,12.6,6.7,12.6,0.0,0.0,4.9,6.6,5.0,6.6,11.6,2.4,1.0,2.0,2.2,3.2,18.2,.527,.527,,.527,.742,.586,23.6,1010,3020
115,Chris Bosh,2005-06,21,TOR,NBA,70,70,39.3,7.8,15.5,7.8,15.3,0.0,0.2,6.8,8.3,2.9,6.3,9.2,2.6,0.7,1.1,2.2,3.0,22.5,.505,.511,.000,.505,.816,.585,23.2,1087,2751
116,Charles Barkley*,1995-96,32,PHO,NBA,71,71,37.1,8.2,16.3,7.5,13.9,0.7,2.5,6.2,8.0,3.4,8.1,11.6,3.7,1.6,0.8,3.1,2.9,23.2,.500,.539,.280,.521,.777,.585,24.8,1160,2632
117,Larry Bird*,1984-85,28,BOS,NBA,80,77,39.5,11.5,22.0,10.8,20.4,0.7,1.6,5.0,5.7,2.1,8.5,10.5,6.6,1.6,1.2,3.1,2.6,28.7,.522,.529,.427,.538,.882,.585,26.5,1760,3161
118,Moses Malone*,1980-81,25,HOU,NBA,80,,40.6,10.1,19.3,10.1,19.3,0.0,0.0,7.6,10.1,5.9,8.8,14.8,1.8,1.0,1.9,3.9,2.8,27.8,.522,.522,.333,.522,.757,.585,25.1,1545,3245
119,Dirk Nowitzki,2007-08,29,DAL,NBA,77,77,36.0,8.2,17.1,7.2,14.2,1.0,2.9,6.2,7.1,1.2,7.3,8.6,3.5,0.7,0.9,2.1,2.6,23.6,.479,.504,.359,.510,.879,.585,24.6,1314,2769
120,Blake Griffin,2013-14,24,LAC,NBA,80,80,35.8,9.0,17.0,8.8,16.4,0.2,0.6,6.0,8.4,2.4,7.1,9.5,3.9,1.2,0.6,2.8,3.3,24.1,.528,.537,.273,.533,.715,.583,23.9,1359,2863
121,Shaquille O'Neal,2004-05,32,MIA,NBA,73,73,34.1,9.0,15.0,9.0,15.0,0.0,0.0,4.8,10.5,3.5,6.9,10.4,2.7,0.5,2.3,2.8,3.6,22.9,.601,.601,,.601,.461,.583,27.0,1095,2492
122,Michael Jordan*,1995-96,32,CHI,NBA,82,82,37.7,11.2,22.6,9.8,19.4,1.4,3.2,6.7,8.0,1.8,4.8,6.6,4.3,2.2,0.5,2.4,2.4,30.4,.495,.506,.427,.525,.834,.582,29.4,1850,3090
123,Karl Malone*,1999-00,36,UTA,NBA,82,82,35.9,9.2,18.0,9.1,17.9,0.0,0.1,7.2,9.0,2.1,7.4,9.5,3.7,1.0,0.9,2.8,2.8,25.5,.509,.511,.250,.510,.797,.582,27.1,1476,2947
124,Anthony Davis,2013-14,20,NOP,NBA,67,66,35.2,7.8,15.0,7.8,14.9,0.0,0.1,5.2,6.6,3.1,7.0,10.0,1.6,1.3,2.8,1.6,3.0,20.8,.519,.522,.222,.520,.791,.582,26.5,1005,2358
125,Paul Pierce,2005-06,28,BOS,NBA,79,79,39.0,8.7,18.5,7.3,14.5,1.4,4.0,7.9,10.3,1.0,5.7,6.7,4.7,1.4,0.4,3.5,2.8,26.8,.471,.503,.354,.509,.772,.582,23.6,1462,3084
126,Magic Johnson*,1987-88,28,LAL,NBA,72,70,36.6,6.8,13.8,6.7,13.1,0.2,0.8,5.8,6.8,1.2,5.0,6.2,11.9,1.6,0.2,3.7,2.0,19.6,.492,.510,.196,.497,.853,.581,23.1,996,2637
127,Dirk Nowitzki,2002-03,24,DAL,NBA,80,80,39.0,8.6,18.6,6.8,13.7,1.9,4.9,6.0,6.9,1.0,8.9,9.9,3.0,1.4,1.0,1.9,2.6,25.1,.463,.493,.379,.513,.881,.581,25.6,1489,3117
128,Gilbert Arenas,2005-06,24,WAS,NBA,80,80,42.3,9.3,20.9,6.8,14.1,2.5,6.8,8.2,10.0,0.7,2.8,3.5,6.1,2.0,0.3,3.7,3.6,29.3,.447,.485,.369,.507,.820,.581,23.8,1668,3384
129,Dwyane Wade,2010-11,29,MIA,NBA,76,76,37.1,9.1,18.2,8.3,15.5,0.8,2.7,6.5,8.6,1.6,4.8,6.4,4.6,1.5,1.1,3.1,2.6,25.5,.500,.534,.306,.523,.758,.581,25.6,1384,2823
130,Elton Brand,2006-07,27,LAC,NBA,80,80,38.5,8.1,15.1,8.1,15.1,0.0,0.0,4.4,5.8,3.4,6.0,9.3,2.9,1.0,2.2,2.5,3.0,20.5,.533,.532,1.000,.533,.761,.581,23.1,1211,3077
131,David Robinson*,1997-98,32,SAS,NBA,73,73,33.7,7.5,14.6,7.4,14.5,0.0,0.1,6.6,9.0,3.3,7.3,10.6,2.7,0.9,2.6,2.8,2.8,21.6,.511,.512,.250,.511,.735,.581,27.8,1065,2457
132,Larry Bird*,1985-86,29,BOS,NBA,82,81,38.0,9.7,19.6,8.7,17.2,1.0,2.4,5.4,6.0,2.3,7.5,9.8,6.8,2.0,0.6,3.2,2.2,25.8,.496,.506,.423,.521,.896,.580,25.6,1606,3113
133,Kobe Bryant,2006-07,28,LAL,NBA,77,77,40.8,10.6,22.8,8.8,17.6,1.8,5.2,8.7,10.0,1.0,4.7,5.7,5.4,1.4,0.5,3.3,2.7,31.6,.463,.497,.344,.502,.868,.580,26.1,1757,3140
134,Elton Brand,2005-06,26,LAC,NBA,79,79,39.2,9.6,18.2,9.6,18.1,0.0,0.0,5.6,7.2,3.0,7.0,10.0,2.6,1.0,2.5,2.2,2.9,24.7,.527,.527,.333,.527,.775,.580,26.5,1435,3099
135,Tim Duncan,2006-07,30,SAS,NBA,80,80,34.1,7.7,14.1,7.7,14.0,0.0,0.1,4.5,7.1,2.7,7.9,10.6,3.4,0.8,2.4,2.8,2.5,20.0,.546,.550,.111,.547,.637,.579,26.1,1131,2726
136,Robert Parish*,1980-81,27,BOS,NBA,82,78,28.0,7.7,14.2,7.7,14.2,0.0,0.0,3.4,4.8,3.0,6.5,9.5,1.8,1.0,2.6,2.3,3.8,18.9,.545,.545,.000,.545,.710,.579,25.2,1166,2298
137,Michael Jordan*,1991-92,28,CHI,NBA,80,80,38.8,11.8,22.7,11.5,21.5,0.3,1.3,6.1,7.4,1.1,5.3,6.4,6.1,2.3,0.9,2.5,2.5,30.1,.519,.533,.270,.526,.832,.579,27.7,1818,3102
138,Dirk Nowitzki,2004-05,26,DAL,NBA,78,78,38.7,8.5,18.5,7.3,15.6,1.2,2.9,7.9,9.1,1.2,8.5,9.7,3.1,1.2,1.5,2.3,2.8,26.1,.459,.470,.399,.490,.869,.578,26.1,1445,3020
139,Shaquille O'Neal,1999-00,27,LAL,NBA,79,79,40.0,12.1,21.1,12.1,21.1,0.0,0.0,5.5,10.4,4.3,9.4,13.6,3.8,0.5,3.0,2.8,3.2,29.7,.574,.575,.000,.574,.524,.578,30.6,1665,3163
140,Chris Paul,2010-11,25,NOH,NBA,80,80,36.0,5.4,11.6,4.5,9.3,0.9,2.3,4.2,4.8,0.5,3.6,4.1,9.8,2.4,0.1,2.2,2.5,15.9,.463,.482,.388,.502,.878,.578,23.7,928,2880
141,LeBron James,2015-16,31,CLE,NBA,72,72,35.7,9.6,18.8,8.5,15.0,1.1,3.8,4.8,6.6,1.4,6.0,7.5,6.7,1.4,0.6,3.2,1.9,25.1,.510,.565,.292,.540,.725,.578,27.1,1352,2569
142,Shaquille O'Neal,2003-04,31,LAL,NBA,67,67,36.8,8.3,14.1,8.3,14.1,0.0,0.0,4.9,10.1,3.7,7.8,11.5,2.9,0.5,2.5,2.9,3.4,21.5,.584,.584,,.584,.490,.578,24.4,948,2464
143,Moses Malone*,1982-83,27,PHI,NBA,78,78,37.5,8.4,16.7,8.4,16.7,0.0,0.0,7.7,10.1,5.7,9.6,15.3,1.3,1.1,2.0,3.4,2.6,24.5,.501,.502,.000,.501,.761,.578,25.1,1305,2922
144,Dwyane Wade,2005-06,24,MIA,NBA,75,75,38.6,9.3,18.8,9.1,17.8,0.2,1.0,8.4,10.7,1.4,4.3,5.7,6.7,1.9,0.8,3.6,2.9,27.2,.495,.513,.171,.499,.783,.577,27.6,1413,2892
145,Hakeem Olajuwon*,1992-93,30,HOU,NBA,82,82,39.5,10.3,19.5,10.3,19.5,0.0,0.1,5.4,7.0,3.5,9.6,13.0,3.5,1.8,4.2,3.2,3.7,26.1,.529,.532,.000,.529,.779,.577,27.3,1603,3242
146,David Robinson*,1993-94,28,SAS,NBA,80,80,40.5,10.5,20.7,10.4,20.4,0.1,0.4,8.7,11.6,3.0,7.7,10.7,4.8,1.7,3.3,3.2,2.9,29.8,.507,.510,.345,.510,.749,.577,30.7,1658,3241
147,LeBron James,2014-15,30,CLE,NBA,69,69,36.1,9.0,18.5,7.3,13.6,1.7,4.9,5.4,7.7,0.7,5.3,6.0,7.4,1.6,0.7,3.9,2.0,25.3,.488,.536,.354,.535,.710,.577,25.9,1279,2493
148,Moses Malone*,1981-82,26,HOU,NBA,81,81,42.0,11.7,22.5,11.7,22.4,0.0,0.1,7.8,10.2,6.9,7.8,14.7,1.8,0.9,1.5,3.6,2.6,31.1,.519,.520,.000,.519,.762,.576,26.8,1822,3398
149,Tim Duncan,2001-02,25,SAS,NBA,82,82,40.6,9.3,18.3,9.3,18.2,0.0,0.1,6.8,8.5,3.3,9.4,12.7,3.7,0.7,2.5,3.2,2.6,25.5,.508,.511,.100,.508,.799,.576,27.0,1504,3329
150,Kobe Bryant,2007-08,29,LAL,NBA,82,82,38.9,9.5,20.6,7.6,15.5,1.8,5.1,7.6,9.0,1.1,5.2,6.3,5.4,1.8,0.5,3.1,2.8,28.3,.459,.490,.361,.503,.840,.576,24.2,1690,3192
151,Chris Paul,2007-08,22,NOH,NBA,80,80,37.6,7.9,16.1,6.7,13.0,1.2,3.1,4.2,4.9,0.8,3.2,4.0,11.6,2.7,0.1,2.5,2.3,21.1,.488,.516,.369,.524,.851,.576,28.3,1291,3006
152,Karl Malone*,1995-96,32,UTA,NBA,82,82,38.0,9.6,18.5,9.4,18.0,0.2,0.5,6.2,8.6,2.1,7.7,9.8,4.2,1.7,0.7,2.4,3.0,25.7,.519,.522,.400,.524,.723,.575,26.0,1520,3113
153,Shaquille O'Neal,2000-01,28,LAL,NBA,74,74,39.5,11.0,19.2,11.0,19.2,0.0,0.0,6.7,13.1,3.9,8.8,12.7,3.7,0.6,2.8,2.9,3.5,28.7,.572,.573,.000,.572,.513,.574,30.2,1422,2924
154,Dwyane Wade,2008-09,27,MIA,NBA,79,79,38.6,10.8,22.0,9.7,18.5,1.1,3.5,7.5,9.8,1.1,3.9,5.0,7.5,2.2,1.3,3.4,2.3,30.2,.491,.524,.317,.516,.765,.574,30.4,1739,3048
155,Terrell Brandon,1995-96,25,CLE,NBA,75,75,34.3,6.8,14.6,5.6,11.5,1.2,3.1,4.5,5.1,0.6,2.7,3.3,6.5,1.8,0.4,1.9,1.9,19.3,.465,.487,.387,.507,.887,.573,25.2,1096,2570
156,Chris Paul,2015-16,30,LAC,NBA,69,69,33.0,7.0,15.2,5.3,10.7,1.7,4.5,4.1,4.5,0.5,3.7,4.2,9.9,2.1,0.2,2.7,2.6,19.8,.460,.497,.372,.515,.895,.573,26.1,1052,2278
157,Brandon Roy,2008-09,24,POR,NBA,78,78,37.2,8.1,16.9,7.1,14.1,1.1,2.8,5.3,6.5,1.3,3.4,4.7,5.1,1.1,0.3,1.9,1.6,22.6,.480,.501,.377,.512,.824,.573,24.0,1318,2903
158,Charles Barkley*,1994-95,31,PHO,NBA,68,66,35.0,8.1,16.8,7.1,13.6,1.1,3.2,5.6,7.5,3.0,8.1,11.1,4.1,1.6,0.7,2.2,3.0,23.0,.486,.521,.338,.518,.748,.572,25.2,1141,2382
159,Julius Erving*,1980-81,30,PHI,NBA,82,,35.0,9.7,18.6,9.6,18.4,0.0,0.2,5.1,6.5,3.0,5.0,8.0,4.4,2.1,1.8,3.2,2.8,24.6,.521,.525,.222,.522,.787,.572,25.1,1524,2874
160,Karl Malone*,2000-01,37,UTA,NBA,81,81,35.7,8.3,16.6,8.2,16.5,0.0,0.1,6.6,8.3,1.4,6.9,8.3,4.5,1.1,0.8,3.0,2.7,23.2,.498,.499,.400,.499,.793,.572,24.7,1345,2895
161,Mark Aguirre,1983-84,24,DAL,NBA,79,79,36.7,11.7,22.3,11.5,21.6,0.2,0.7,5.9,7.9,2.0,3.9,5.9,4.5,1.0,0.3,3.6,3.1,29.5,.524,.532,.268,.528,.749,.572,23.5,1765,2900
162,Dwyane Wade,2012-13,31,MIA,NBA,69,69,34.7,8.2,15.8,8.0,14.9,0.2,1.0,4.5,6.2,1.2,3.7,5.0,5.1,1.9,0.8,2.8,2.0,21.2,.521,.537,.258,.528,.725,.571,24.0,1093,2391
163,Kobe Bryant,2012-13,34,LAL,NBA,78,78,38.6,9.5,20.4,7.8,15.2,1.7,5.2,6.7,8.0,0.8,4.7,5.6,6.0,1.4,0.3,3.7,2.2,27.3,.463,.510,.324,.504,.839,.570,23.0,1595,3013
164,Dominique Wilkins*,1992-93,33,ATL,NBA,71,70,37.3,10.4,22.3,8.7,17.9,1.7,4.5,7.3,8.8,2.6,4.2,6.8,3.2,1.0,0.4,2.6,1.6,29.9,.468,.490,.380,.506,.828,.570,24.3,1584,2647
165,David Robinson*,1992-93,27,SAS,NBA,82,82,39.2,8.2,16.4,8.2,16.2,0.0,0.2,6.8,9.3,2.8,8.9,11.7,3.7,1.5,3.2,2.9,2.9,23.4,.501,.506,.176,.503,.732,.569,24.2,1348,3211
166,David Robinson*,1999-00,34,SAS,NBA,80,80,32.0,6.6,12.9,6.6,12.9,0.0,0.0,4.6,6.4,2.4,7.2,9.6,1.8,1.2,2.3,2.1,3.1,17.8,.512,.513,.000,.512,.726,.568,24.6,1031,2557
167,LeBron James,2005-06,21,CLE,NBA,79,79,42.5,11.1,23.1,9.5,18.3,1.6,4.8,7.6,10.3,0.9,6.1,7.0,6.6,1.6,0.8,3.3,2.3,31.4,.480,.518,.335,.515,.738,.568,28.1,1823,3361
168,Julius Erving*,1979-80,29,PHI,NBA,78,,36.1,10.7,20.7,10.7,20.4,0.1,0.3,5.4,6.8,2.8,4.6,7.4,4.6,2.2,1.8,3.6,2.7,26.9,.519,.523,.200,.520,.787,.568,25.4,1614,2812
169,LeBron James,2007-08,23,CLE,NBA,75,74,40.4,10.6,21.9,9.1,17.1,1.5,4.8,7.3,10.3,1.8,6.1,7.9,7.2,1.8,1.1,3.4,2.2,30.0,.484,.531,.315,.518,.712,.568,29.1,1642,3027
170,Kevin Garnett,2004-05,28,MIN,NBA,82,82,38.1,8.3,16.6,8.3,16.3,0.1,0.3,5.4,6.7,3.0,10.5,13.5,5.7,1.5,1.4,2.7,2.5,22.2,.502,.507,.240,.504,.811,.567,28.2,1360,3121
171,Brook Lopez,2012-13,24,BRK,NBA,74,74,30.4,7.7,14.8,7.7,14.8,0.0,0.0,4.0,5.3,2.8,4.1,6.9,0.9,0.4,2.1,1.8,2.1,19.4,.521,.522,.000,.521,.758,.567,24.7,1094,2253
172,Elton Brand,2003-04,24,LAC,NBA,69,68,38.7,7.0,14.2,7.0,14.2,0.0,0.0,6.0,7.7,3.9,6.4,10.3,3.3,0.9,2.2,2.8,3.3,20.0,.493,.493,.000,.493,.773,.567,23.2,982,2670
173,Michael Jordan*,1996-97,33,CHI,NBA,82,82,37.9,11.2,23.1,9.9,19.5,1.4,3.6,5.9,7.0,1.4,4.5,5.9,4.3,1.7,0.5,2.0,1.9,29.6,.486,.507,.374,.516,.833,.567,27.8,1892,3106
174,Julius Erving*,1982-83,32,PHI,NBA,72,72,33.6,8.4,16.3,8.4,16.2,0.0,0.1,4.6,6.0,2.4,4.4,6.8,3.7,1.6,1.8,2.7,2.8,21.4,.517,.518,.286,.518,.759,.566,23.1,1170,2421
175,Hakeem Olajuwon*,1993-94,31,HOU,NBA,80,80,41.0,11.2,21.2,11.1,20.9,0.1,0.2,4.9,6.8,2.9,9.1,11.9,3.6,1.6,3.7,3.4,3.6,27.3,.528,.529,.421,.530,.716,.565,25.3,1694,3277
176,Gilbert Arenas,2006-07,25,WAS,NBA,74,73,39.8,8.7,20.9,6.0,13.0,2.8,7.9,8.2,9.7,0.8,3.7,4.6,6.0,1.9,0.2,3.2,3.4,28.4,.418,.459,.351,.484,.844,.565,24.0,1548,2942
177,Grant Hill,1999-00,27,DET,NBA,74,74,37.5,9.4,19.2,8.9,17.9,0.5,1.3,6.5,8.2,1.3,5.3,6.6,5.2,1.4,0.6,3.2,2.6,25.8,.489,.500,.347,.501,.795,.565,24.5,1422,2776
178,Tracy McGrady,2002-03,23,ORL,NBA,75,74,39.4,11.1,24.2,8.7,18.2,2.3,6.0,7.7,9.7,1.6,4.9,6.5,5.5,1.7,0.8,2.6,2.1,32.1,.457,.481,.386,.505,.793,.564,30.3,1813,2954
179,Dirk Nowitzki,2008-09,30,DAL,NBA,81,81,37.7,9.6,20.0,8.8,17.9,0.8,2.1,6.0,6.7,1.1,7.3,8.4,2.4,0.8,0.8,1.9,2.2,25.9,.479,.493,.359,.498,.890,.564,23.1,1616,3050
180,Clyde Drexler*,1987-88,25,POR,NBA,81,80,37.8,10.5,20.7,10.3,20.1,0.1,0.6,5.9,7.2,3.2,3.4,6.6,5.8,2.5,0.6,2.9,3.1,27.0,.506,.515,.212,.509,.811,.564,24.1,1679,3060
181,Michael Jordan*,1992-93,29,CHI,NBA,78,78,39.3,12.7,25.7,11.7,22.7,1.0,2.9,6.1,7.3,1.7,5.0,6.7,5.5,2.8,0.8,2.7,2.4,32.6,.495,.514,.352,.515,.837,.564,29.7,2003,3067
182,Tim Duncan,2002-03,26,SAS,NBA,81,81,39.3,8.8,17.2,8.7,16.9,0.1,0.3,5.6,7.8,3.2,9.7,12.9,3.9,0.7,2.9,3.1,2.9,23.3,.513,.517,.273,.515,.710,.564,26.9,1392,3181
183,Kobe Bryant,2004-05,26,LAL,NBA,66,66,40.7,8.7,20.1,6.7,14.2,2.0,5.9,8.2,10.1,1.4,4.5,5.9,6.0,1.3,0.8,4.1,2.6,27.6,.433,.472,.339,.482,.816,.563,23.3,1324,2689
184,Hakeem Olajuwon*,1994-95,32,HOU,NBA,72,72,39.6,11.1,21.5,11.0,21.2,0.0,0.2,5.6,7.5,2.4,8.4,10.8,3.5,1.8,3.4,3.3,3.5,27.8,.517,.520,.188,.517,.756,.563,26.0,1545,2853
185,George Gervin*,1981-82,29,SAS,NBA,79,79,35.7,12.6,25.2,12.4,24.7,0.1,0.5,7.0,8.1,1.7,3.2,5.0,2.4,1.0,0.6,2.7,2.7,32.3,.500,.504,.278,.502,.864,.562,24.2,1987,2817
186,Dwyane Wade,2009-10,28,MIA,NBA,77,77,36.3,9.3,19.6,8.4,16.5,0.9,3.2,6.9,9.1,1.4,3.5,4.8,6.5,1.8,1.1,3.3,2.4,26.6,.476,.509,.300,.500,.761,.562,28.0,1511,2792
187,Michael Jordan*,1986-87,23,CHI,NBA,82,82,40.0,13.4,27.8,13.2,27.0,0.1,0.8,10.2,11.9,2.0,3.2,5.2,4.6,2.9,1.5,3.3,2.9,37.1,.482,.491,.182,.484,.857,.562,29.8,2279,3281
188,Carmelo Anthony,2013-14,29,NYK,NBA,77,77,38.7,9.6,21.3,7.5,15.9,2.2,5.4,6.0,7.0,1.9,6.2,8.1,3.1,1.2,0.7,2.6,2.9,27.4,.452,.469,.402,.503,.848,.561,24.4,1643,2982
189,Kobe Bryant,2008-09,30,LAL,NBA,82,82,36.1,9.8,20.9,8.3,16.8,1.4,4.1,5.9,6.9,1.1,4.1,5.2,4.9,1.5,0.5,2.6,2.3,26.8,.467,.496,.351,.502,.856,.561,24.4,1712,2960
190,Patrick Ewing*,1990-91,28,NYK,NBA,81,81,38.3,10.4,20.3,10.4,20.2,0.0,0.1,5.7,7.7,2.4,8.8,11.2,3.0,1.0,3.2,3.6,3.5,26.6,.514,.516,.000,.514,.745,.561,23.7,1645,3104
191,Alex English*,1982-83,29,DEN,NBA,82,82,36.4,11.7,22.6,11.7,22.5,0.0,0.1,5.0,6.0,3.2,4.1,7.3,4.8,1.4,1.5,3.2,2.9,28.4,.516,.519,.167,.517,.829,.561,24.1,1857,2988
192,Larry Bird*,1982-83,26,BOS,NBA,79,79,37.7,9.5,18.7,9.2,17.8,0.3,1.0,4.4,5.3,2.4,8.6,11.0,5.8,1.9,0.9,3.0,2.5,23.6,.504,.516,.286,.512,.840,.561,24.1,1481,2982
193,Dwyane Wade,2004-05,23,MIA,NBA,77,77,38.6,8.2,17.1,8.0,16.5,0.2,0.6,7.5,9.9,1.4,3.7,5.2,6.8,1.6,1.1,4.2,3.0,24.1,.478,.485,.289,.483,.762,.561,23.1,1318,2974
194,Hakeem Olajuwon*,1985-86,23,HOU,NBA,68,68,36.3,9.2,17.5,9.2,17.5,0.0,0.0,5.1,7.9,4.9,6.6,11.5,2.0,2.0,3.4,2.9,4.0,23.5,.526,.526,,.526,.645,.560,24.2,1188,2467
195,Clyde Drexler*,1991-92,29,POR,NBA,76,76,36.2,9.1,19.4,7.6,15.0,1.5,4.4,5.3,6.6,2.2,4.4,6.6,6.7,1.8,0.9,3.2,3.0,25.0,.470,.510,.337,.509,.794,.560,23.6,1476,2751
196,Carmelo Anthony,2012-13,28,NYK,NBA,67,67,37.0,10.0,22.2,7.6,16.0,2.3,6.2,6.3,7.6,2.0,4.9,6.9,2.6,0.8,0.5,2.6,3.1,28.7,.449,.476,.379,.502,.830,.560,24.8,1489,2482
197,Tim Duncan,2009-10,33,SAS,NBA,78,77,31.3,7.2,13.9,7.2,13.7,0.0,0.1,3.5,4.8,2.8,7.3,10.1,3.2,0.6,1.5,1.8,1.9,17.9,.518,.522,.182,.519,.725,.560,24.7,1082,2438
198,Moses Malone*,1979-80,24,HOU,NBA,82,,38.3,9.5,18.9,9.5,18.8,0.0,0.1,6.9,9.5,7.0,7.5,14.5,1.8,1.0,1.3,3.7,2.6,25.8,.502,.504,.000,.502,.719,.560,24.1,1549,3140
199,Kobe Bryant,2005-06,27,LAL,NBA,80,80,41.0,12.2,27.2,10.0,20.7,2.3,6.5,8.7,10.2,0.9,4.4,5.3,4.5,1.8,0.4,3.1,2.9,35.4,.450,.482,.347,.491,.850,.559,28.0,2173,3277
200,David Robinson*,2000-01,35,SAS,NBA,80,80,29.6,5.0,10.3,5.0,10.3,0.0,0.0,4.4,5.9,2.6,6.0,8.6,1.5,1.0,2.5,1.5,2.7,14.4,.486,.487,.000,.486,.747,.559,23.7,823,2371
201,Hakeem Olajuwon*,1995-96,33,HOU,NBA,72,72,38.8,10.7,20.8,10.6,20.6,0.0,0.2,5.5,7.6,2.4,8.4,10.9,3.6,1.6,2.9,3.4,3.4,26.9,.514,.517,.214,.515,.724,.558,25.5,1494,2797
202,Blake Griffin,2011-12,22,LAC,NBA,66,66,36.2,8.5,15.5,8.5,15.2,0.0,0.2,3.7,7.1,3.3,7.6,10.9,3.2,0.8,0.7,2.3,3.3,20.7,.549,.556,.125,.550,.521,.557,23.4,1022,2392
203,Grant Hill,1996-97,24,DET,NBA,80,80,39.3,7.8,15.7,7.7,15.3,0.1,0.4,5.6,7.9,1.5,7.5,9.0,7.3,1.8,0.6,3.2,2.3,21.4,.496,.502,.303,.500,.711,.556,25.5,1259,3147
204,Dominique Wilkins*,1989-90,30,ATL,NBA,80,79,36.1,10.1,20.9,9.4,18.6,0.7,2.3,5.7,7.1,2.7,3.8,6.5,2.5,1.6,0.6,2.2,1.8,26.7,.484,.504,.322,.502,.807,.556,24.6,1672,2888
205,Tony Parker,2008-09,26,SAS,NBA,72,71,34.1,8.9,17.5,8.6,16.6,0.3,0.9,3.9,5.0,0.4,2.7,3.1,6.9,0.9,0.1,2.6,1.5,22.0,.506,.518,.292,.513,.782,.556,23.4,1263,2456
206,DeMarcus Cousins,2013-14,23,SAC,NBA,71,71,32.4,8.3,16.8,8.3,16.7,0.0,0.1,6.1,8.4,3.1,8.6,11.7,2.9,1.5,1.3,3.5,3.8,22.7,.496,.499,.000,.496,.726,.555,26.1,1191,2298
207,Dominique Wilkins*,1990-91,31,ATL,NBA,81,81,38.0,9.5,20.2,8.5,17.2,1.0,3.1,5.9,7.1,3.2,5.8,9.0,3.3,1.5,0.8,2.5,1.9,25.9,.470,.492,.341,.495,.829,.555,23.5,1640,3078
208,Hakeem Olajuwon*,1987-88,25,HOU,NBA,79,79,35.8,9.0,17.5,9.0,17.5,0.0,0.1,4.8,6.9,3.8,8.3,12.1,2.1,2.1,2.7,3.1,4.1,22.8,.514,.516,.000,.514,.695,.555,23.4,1385,2825
209,Clyde Drexler*,1988-89,26,POR,NBA,78,78,39.3,10.6,21.4,10.3,20.1,0.3,1.3,5.6,7.0,3.7,4.2,7.9,5.8,2.7,0.7,3.2,3.4,27.2,.496,.511,.260,.504,.799,.555,23.6,1672,3064
210,Tim Duncan,1999-00,23,SAS,NBA,74,74,38.9,8.5,17.3,8.5,17.2,0.0,0.1,6.2,8.1,3.5,8.9,12.4,3.2,0.9,2.2,3.3,2.8,23.2,.490,.494,.091,.491,.761,.555,24.8,1281,2875
211,Hakeem Olajuwon*,1986-87,24,HOU,NBA,75,75,36.8,9.0,17.8,9.0,17.7,0.0,0.1,5.3,7.6,4.2,7.2,11.4,2.9,1.9,3.4,3.0,3.9,23.4,.508,.509,.200,.509,.702,.554,23.8,1332,2760
212,LeBron James,2004-05,20,CLE,NBA,80,80,42.4,9.9,21.1,8.6,17.2,1.4,3.9,6.0,8.0,1.4,6.0,7.4,7.2,2.2,0.7,3.3,1.8,27.2,.472,.499,.351,.504,.750,.554,25.7,1684,3388
213,Tim Duncan,2012-13,36,SAS,NBA,69,69,30.1,7.1,14.1,7.1,14.0,0.0,0.1,3.6,4.3,1.8,8.1,9.9,2.7,0.7,2.7,2.1,1.7,17.8,.502,.504,.286,.503,.817,.554,24.4,976,2078
214,Kevin Garnett,2002-03,26,MIN,NBA,82,82,40.5,9.1,18.1,8.8,17.2,0.2,0.9,4.6,6.1,3.0,10.5,13.4,6.0,1.4,1.6,2.8,2.4,23.0,.502,.513,.282,.508,.751,.553,26.4,1481,3321
215,Hakeem Olajuwon*,1991-92,29,HOU,NBA,70,69,37.7,8.4,16.8,8.4,16.8,0.0,0.0,4.7,6.1,3.5,8.6,12.1,2.2,1.8,4.3,2.7,3.8,21.6,.502,.503,.000,.502,.766,.553,23.7,1177,2636
216,Russell Westbrook,2015-16,27,OKC,NBA,76,76,34.5,8.3,18.3,7.0,14.1,1.3,4.3,5.8,7.2,1.8,5.9,7.7,10.4,2.1,0.3,4.2,2.5,23.8,.454,.500,.300,.489,.813,.553,27.9,1392,2624
217,LeBron James,2006-07,22,CLE,NBA,78,78,40.9,9.9,20.8,8.6,16.8,1.3,4.0,6.3,9.0,1.1,5.7,6.7,6.0,1.6,0.7,3.2,2.2,27.3,.476,.513,.319,.507,.698,.552,24.5,1621,3190
218,Larry Bird*,1983-84,27,BOS,NBA,79,77,38.3,9.6,19.5,9.4,18.6,0.2,0.9,4.7,5.3,2.3,7.8,10.1,6.6,1.8,0.9,3.0,2.5,24.2,.492,.504,.247,.497,.888,.552,24.2,1542,3028
219,Kobe Bryant,2000-01,22,LAL,NBA,68,68,40.9,10.3,22.2,9.4,19.3,0.9,2.9,7.0,8.2,1.5,4.3,5.9,5.0,1.7,0.6,3.2,3.3,28.5,.464,.489,.305,.484,.853,.552,24.5,1510,2783
220,Hakeem Olajuwon*,1988-89,26,HOU,NBA,82,82,36.9,9.6,19.0,9.6,18.9,0.0,0.1,5.5,8.0,4.1,9.4,13.5,1.8,2.6,3.4,3.4,4.0,24.8,.508,.511,.000,.508,.696,.552,25.2,1556,3024
221,Vince Carter,2000-01,24,TOR,NBA,75,75,39.7,10.2,22.1,8.0,16.8,2.2,5.3,5.1,6.7,2.3,3.2,5.5,3.9,1.5,1.1,2.2,2.7,27.6,.460,.477,.408,.509,.765,.551,25.0,1656,2979
222,Kobe Bryant,2003-04,25,LAL,NBA,65,64,37.6,7.9,18.1,6.8,14.8,1.1,3.3,7.0,8.2,1.6,3.9,5.5,5.1,1.7,0.4,2.6,2.7,24.0,.438,.463,.327,.468,.852,.551,23.7,1178,2447
223,Derrick Rose,2010-11,22,CHI,NBA,81,81,37.4,8.8,19.7,7.2,15.0,1.6,4.8,5.9,6.9,1.0,3.1,4.1,7.7,1.0,0.6,3.4,1.7,25.0,.445,.481,.332,.485,.858,.550,23.5,1597,3026
224,Kobe Bryant,2002-03,24,LAL,NBA,82,82,41.5,10.6,23.5,9.1,19.5,1.5,4.0,7.3,8.7,1.3,5.6,6.9,5.9,2.2,0.8,3.5,2.7,30.0,.451,.465,.383,.483,.843,.550,26.2,1924,3401
225,Tim Duncan,2008-09,32,SAS,NBA,75,75,33.7,7.4,14.8,7.4,14.7,0.0,0.0,4.5,6.4,2.7,8.0,10.7,3.5,0.5,1.7,2.2,2.3,19.3,.504,.505,.000,.504,.692,.549,24.4,1107,2524
226,Kobe Bryant,2010-11,32,LAL,NBA,82,82,33.9,9.0,20.0,7.6,15.6,1.4,4.3,5.9,7.1,1.0,4.1,5.1,4.7,1.2,0.1,3.0,2.1,25.3,.451,.487,.323,.487,.828,.548,23.9,1639,2779
227,Kevin Garnett,2003-04,27,MIN,NBA,82,82,39.4,9.8,19.6,9.7,19.1,0.1,0.5,4.5,5.7,3.0,10.9,13.9,5.0,1.5,2.2,2.6,2.5,24.2,.499,.506,.256,.502,.791,.547,29.4,1611,3231
228,Kevin Garnett,2006-07,30,MIN,NBA,76,76,39.4,8.4,17.6,8.2,16.9,0.2,0.7,5.5,6.6,2.4,10.4,12.8,4.1,1.2,1.7,2.7,2.4,22.4,.476,.487,.214,.480,.835,.546,24.1,1341,2995
229,Tim Duncan,2007-08,31,SAS,NBA,78,78,34.0,7.5,15.1,7.5,15.1,0.0,0.1,4.3,5.9,3.0,8.3,11.3,2.8,0.7,1.9,2.3,2.4,19.3,.497,.498,.000,.497,.730,.546,24.4,1178,2651
230,Kevin Garnett,1999-00,23,MIN,NBA,81,81,40.0,9.4,18.8,9.0,17.8,0.4,1.0,3.8,5.0,2.8,9.0,11.8,5.0,1.5,1.6,3.3,2.5,22.9,.497,.504,.370,.507,.765,.545,23.6,1526,3243
231,Moses Malone*,1986-87,31,WSB,NBA,73,70,34.1,8.2,18.0,8.2,17.8,0.0,0.2,7.8,9.5,4.7,6.6,11.3,1.6,0.8,1.3,2.8,1.9,24.1,.454,.458,.000,.454,.824,.545,23.8,1311,2488
232,Scottie Pippen*,1993-94,28,CHI,NBA,72,72,38.3,8.7,17.8,7.8,15.0,0.9,2.7,3.8,5.7,2.4,6.3,8.7,5.6,2.9,0.8,3.2,3.2,22.0,.491,.522,.320,.515,.660,.544,23.2,1278,2759
233,Kobe Bryant,2001-02,23,LAL,NBA,80,80,38.3,9.4,20.0,9.0,18.3,0.4,1.7,6.1,7.4,1.4,4.1,5.5,5.5,1.5,0.4,2.8,2.9,25.2,.469,.489,.250,.479,.829,.544,23.2,1597,3063
234,Vince Carter,1999-00,23,TOR,NBA,82,82,38.1,9.6,20.7,8.5,17.8,1.2,2.9,5.3,6.7,1.8,4.0,5.8,3.9,1.3,1.1,2.2,3.2,25.7,.465,.475,.403,.493,.791,.543,23.4,1696,3126
235,Allen Iverson,2005-06,30,PHI,NBA,72,72,43.1,11.3,25.3,10.3,22.2,1.0,3.1,9.4,11.5,0.6,2.6,3.2,7.4,1.9,0.1,3.4,1.7,33.0,.447,.465,.323,.467,.814,.543,25.9,1822,3103
236,Dominique Wilkins*,1986-87,27,ATL,NBA,79,79,37.6,10.5,22.6,10.1,21.3,0.4,1.3,7.7,9.4,2.7,3.6,6.3,3.3,1.5,0.6,2.7,1.9,29.0,.463,.474,.292,.472,.818,.543,23.5,1787,2969
237,Hakeem Olajuwon*,1989-90,27,HOU,NBA,82,82,38.1,9.8,19.6,9.8,19.5,0.0,0.1,4.7,6.5,3.6,10.4,14.0,2.9,2.1,4.6,3.9,3.8,24.3,.501,.502,.167,.501,.713,.541,24.1,1609,3124
238,Tim Duncan,2004-05,28,SAS,NBA,66,66,33.4,7.8,15.8,7.8,15.7,0.0,0.1,4.6,6.9,3.1,8.0,11.1,2.7,0.7,2.6,1.9,2.2,20.3,.496,.498,.333,.498,.670,.540,27.0,1042,2203
239,Russell Westbrook,2010-11,22,OKC,NBA,82,82,34.7,7.5,17.0,7.1,15.7,0.4,1.3,6.5,7.7,1.5,3.1,4.6,8.2,1.9,0.4,3.9,2.5,21.9,.442,.451,.330,.454,.842,.538,23.6,1390,2847
240,Kevin Garnett,2001-02,25,MIN,NBA,81,81,39.2,8.1,17.3,7.7,15.9,0.5,1.4,4.4,5.5,3.0,9.1,12.1,5.2,1.2,1.6,2.8,2.3,21.2,.470,.484,.319,.484,.801,.536,23.8,1401,3175
241,Tim Duncan,2000-01,24,SAS,NBA,82,82,38.7,8.6,17.1,8.5,16.8,0.1,0.3,5.0,8.1,3.2,9.0,12.2,3.0,0.9,2.3,3.0,3.0,22.2,.499,.504,.259,.502,.618,.536,23.8,1406,3174
242,Russell Westbrook,2014-15,26,OKC,NBA,67,67,34.4,9.4,22.0,8.1,17.7,1.3,4.3,8.1,9.8,1.9,5.4,7.3,8.6,2.1,0.2,4.4,2.7,28.1,.426,.457,.299,.455,.835,.536,29.1,1471,2302
243,Dominique Wilkins*,1985-86,26,ATL,NBA,78,78,39.1,11.4,24.3,11.2,23.4,0.2,0.9,7.4,9.0,3.3,4.6,7.9,2.6,1.8,0.6,3.2,2.2,30.3,.468,.479,.186,.472,.818,.536,23.3,1897,3049
244,Gary Payton*,1999-00,31,SEA,NBA,82,82,41.8,9.1,20.3,7.0,14.0,2.2,6.3,3.8,5.2,1.2,5.2,6.5,8.9,1.9,0.2,2.7,2.2,24.2,.448,.497,.340,.502,.735,.535,23.6,1666,3425
245,Tim Duncan,2003-04,27,SAS,NBA,69,68,36.6,8.6,17.1,8.6,16.9,0.0,0.2,5.1,8.5,3.3,9.2,12.4,3.1,0.9,2.7,2.7,2.4,22.3,.501,.505,.167,.502,.599,.534,27.1,1181,2527
246,Dominique Wilkins*,1987-88,28,ATL,NBA,78,76,37.8,11.7,25.1,11.2,23.4,0.5,1.7,6.9,8.4,2.7,3.7,6.4,2.9,1.3,0.6,2.8,2.1,30.7,.464,.476,.295,.474,.826,.534,23.7,1957,2948
247,Michael Jordan*,1997-98,34,CHI,NBA,82,82,38.8,10.7,23.1,10.4,21.5,0.4,1.5,6.9,8.8,1.6,4.2,5.8,3.5,1.7,0.5,2.3,1.8,28.7,.465,.482,.238,.473,.784,.533,25.2,1893,3181
248,Tracy McGrady,2001-02,22,ORL,NBA,76,76,38.3,9.4,20.9,8.1,17.1,1.4,3.7,5.5,7.3,2.0,5.9,7.9,5.3,1.6,1.0,2.5,1.8,25.6,.451,.470,.364,.483,.748,.532,25.1,1586,2912
249,Russell Westbrook,2012-13,24,OKC,NBA,82,82,34.9,8.2,18.7,7.0,15.1,1.2,3.7,5.6,7.0,1.4,3.9,5.2,7.4,1.8,0.3,3.3,2.3,23.2,.438,.466,.323,.470,.800,.532,23.9,1535,2861
250,Allen Iverson,2004-05,29,PHI,NBA,75,75,42.3,10.3,24.2,8.9,19.7,1.4,4.5,8.7,10.5,0.7,3.3,4.0,7.9,2.4,0.1,4.6,1.9,30.7,.424,.451,.308,.453,.835,.532,23.2,1818,3174
251,Kevin Garnett,2000-01,24,MIN,NBA,81,81,39.5,8.7,18.2,8.5,17.4,0.2,0.8,4.4,5.8,2.7,8.7,11.4,5.0,1.4,1.8,2.8,2.5,22.0,.477,.486,.288,.484,.764,.531,23.9,1475,3202
252,Chris Webber,1999-00,26,SAC,NBA,75,75,38.4,10.0,20.6,9.6,19.4,0.4,1.3,4.1,5.5,2.5,8.0,10.5,4.6,1.6,1.7,2.9,3.5,24.5,.483,.496,.284,.492,.751,.530,23.4,1548,2880
253,Tracy McGrady,2003-04,24,ORL,NBA,67,67,39.9,9.7,23.4,7.1,15.7,2.6,7.7,5.9,7.5,1.4,4.6,6.0,5.5,1.4,0.6,2.7,1.9,28.0,.417,.455,.339,.473,.796,.526,25.3,1566,2675
254,Tim Duncan,2005-06,29,SAS,NBA,80,80,34.8,7.2,14.8,7.2,14.8,0.0,0.1,4.2,6.7,2.9,8.1,11.0,3.2,0.9,2.0,2.5,2.7,18.6,.484,.485,.400,.485,.629,.523,23.1,1185,2784
255,Tracy McGrady,2000-01,21,ORL,NBA,77,77,40.1,10.2,22.4,9.5,20.2,0.8,2.2,5.6,7.6,2.5,5.0,7.5,4.6,1.5,1.5,2.6,2.1,26.8,.457,.468,.355,.474,.733,.521,24.9,1724,3087
256,Allen Iverson,2000-01,25,PHI,NBA,71,71,42.0,10.7,25.5,9.4,21.2,1.4,4.3,8.2,10.1,0.7,3.1,3.8,4.6,2.5,0.3,3.3,2.1,31.1,.420,.441,.320,.447,.814,.518,24.0,1813,2979
257,Chris Webber,2000-01,27,SAC,NBA,70,70,40.5,11.2,23.4,11.2,23.0,0.0,0.4,4.6,6.6,2.6,8.5,11.1,4.2,1.3,1.7,2.8,3.2,27.1,.481,.488,.071,.481,.703,.516,24.7,1635,2836
258,Tracy McGrady,2006-07,27,HOU,NBA,71,71,35.8,9.0,20.8,7.2,15.5,1.8,5.4,4.9,6.9,0.8,4.5,5.3,6.5,1.3,0.5,3.0,1.9,24.6,.431,.466,.331,.474,.707,.515,23.2,1480,2539
